Workbook

Sheet 00_Task1
A1: PROJECT 1 — MONTHLY SALES MIS REPORT
A2: Role | B2: You are the MIS Analyst for a retail company.
A3: Objective | B3: Prepare a reliable monthly sales MIS from raw transaction and master data.
A4: Current task | B4: TASK 1 — Raw Data Inspection & Data Quality Check
A5: Important | B5: Do NOT clean or correct the data yet. First identify and document the issues.
A7: Check | B7: What to look for
A8: 1. Duplicate Invoice IDs | B8: Invoice_ID appearing more than once
A9: 2. Missing Employee IDs | B9: Blank Employee_ID cells
A10: 3. Invalid Employee IDs | B10: Employee_ID not present in Employee_Master
A11: 4. Missing Product IDs | B11: Blank Product_ID cells
A12: 5. Invalid Product IDs | B12: Product_ID not present in Product_Master
A13: 6. Missing Branch IDs | B13: Blank Branch_ID cells
A14: 7. Invalid Branch IDs | B14: Branch_ID not present in Branch_Master
... A22: Next step | B22: After you finish Task 1, tell me what issues you found. I will review your findings before we move to cleaning.

Sheet 01_Sales_Data
A1: Date | B1: Invoice_ID | C1: Employee_ID | D1: Product_ID | E1: Branch_ID | F1: Quantity | G1: Sales_Amount
A2: 46199 | B2: INV100001 | C2: E009 | D2: P002 | E2: B005 | F2: 1 | G2: 279
A3: 46140 | B3: INV100002 | C3: E004 | D3: P009 | E3: B002 | F3: 9 | G3: 3426.25
A4: 46196 | B4: INV100003 | C4: E009 | D4: P007 | E4: B005 | F4: 10 | G4: 2996.51
A5: 46113 | B5: INV100004 | C5: E003 | D5: P012 | E5: B002 | F5: 5 | G5: 1128.54
A6: 46156 | B6: INV100005 | C6: E002 | D6: P002 | E6: B001 | F6: 6 | G6: 1509.15
A7: 46190 | B7: INV100006 | C7: E005 | D7: P001 | E7: B003 | F7: 9 | G7: 3723.38
A8: 46161 | B8: INV100007 | C8: E002 | D8: P009 | E8: B001 | F8: 11 | G8: 3971.59
A9: 46159 | B9: INV100008 | C9: E010 | D9: P004 | E9: B005 | F9: 1 | G9: 147.3
A10: 46150 | B10: INV100009 | C10: E002 | D10: P004 | E10: B004 | F10: 5 | G10: 756.47
A11: 46159 | B11: INV100010 | C11: E003 | D11: P006 | E11: B002 | F11: 11 | G11: 1171.23
A12: 46200 | B12: INV100011 | C12: E002 | D12: P010 | E12: B001 | F12: 9 | G12: 1560.38
A13: 46133 | B13: INV100012 | C13: E008 | D13: P007 | E13: B004 | F13: 11 | G13: 3128.4
... A86: 46113 | B86: INV100085 | C86: E002 | D86: P007 | E86: B001 | F86: 12 | G86: 3488.78
A87: 46119 | B87: INV100086 | D87: P004 | E87: B001 | F87: 8 | G87: 1259.52
A88: 46172 | B88: INV100087 | C88: E009 | D88: P009 | E88: B005 | F88: 8 | G88: 2890.62
A89: 46177 | B89: INV100088 | C89: E007 | D89: P009 | E89: B004 | F89: 3 | G89: 1065.59
A90: 46173 | B90: INV100089 | C90: E008 | D90: P005 | E90: B004 | F90: 11 | G90: 1276.07
A91: 46179 | B91: INV100090 | C91: E008 | D91: P011 | E91: B004 | F91: 8 | G91: 2694.71
A92: 46149 | B92: INV100091 | C92: E004 | D92: P005 | E92: B002 | F92: 9 | G92: 1069.56
A93: 46132 | B93: INV100092 | C93: E004 | D93: P007 | E93: B002 | F93: 12 | G93: 3624.49
A94: 46166 | B94: INV100093 | C94: E007 | D94: P006 | E94: B004 | F94: 7 | G94: 764.25
A95: 46166 | B95: INV100094 | C95: E007 | D95: P010 | E95: B001 | F95: 10 | G95: 1813.27
A96: 46113 | B96: INV100095 | C96: E006 | D96: P005 | E96: B003 | F96: 7 | G96: 785.75
A97: 46182 | B97: INV100096 | C97: E010 | D97: P004 | E97: B005 | F97: 5 | G97: 758.16
A98: 46116 | B98: INV100097 | C98: E007 | D98: P006 | E98: B004 | F98: 7 | G98: 703.09
A99: 46172 | B99: INV100098 | C99: E003 | D99: P010 | E99: B002 | F99: 7 | G99: 1235.53
... A112: 46160 | B112: INV100111 | C112: E002 | D112: P009 | E112: B001 | F112: 1 | G112: 350.24
A113: 31-Feb-2026 | B113: INV100112 | C113: E002 | D113: P007 | E113: B004 | F113: 12 | G113: 3651.7
A114: 46135 | B114: INV100113 | C114: E009 | D114: P011 | E114: B005 | F114: 9 | G114: 2775.55
A115: 46172 | B115: INV100114 | C115: E007 | D115: P012 | E115: B004 | F115: 6 | G115: 1238.96
A116: 46124 | B116: INV100115 | C116: E005 | D116: P008 | E116: B003 | F116: 8 | G116: 1937.77
A117: 46198 | B117: INV100116 | C117: E007 | D117: P006 | E117: B004 | F117: 6 | G117: 645.6
A118: 46140 | B118: INV100117 | C118: E006 | D118: P005 | E118: B003 | F118: 10 | G118: 1099.03
A119: 46148 | B119: INV100118 | C119: E009 | D119: P001 | E119: B005 | F119: 4 | G119: 1662.74
A120: 46165 | B120: INV100119 | C120: E008 | D120: P009 | E120: B004 | F120: 12 | G120: 4412.63
A121: 46175 | B121: INV100120 | C121: E008 | D121: P001 | E121: B004 | F121: 4 | G121: 1598.47
A122: 46144 | B122: INV100121 | C122: E005 | D122: P011 | E122: B003 | F122: 8 | G122: 2539.35
A123: 46157 | B123: INV100122 | C123: E007 | D123: P012 | E123: B004 | F123: 6 | G123: 1263.61
A124: 46147 | B124: INV100123 | C124: E005 | D124: P005 | E124: B003 | F124: 12 | G124: 1406.72
A125: 46128 | B125: INV100124 | C125: E009 | D125: P012 | E125: B005 | F125: 4 | G125: 838.46
... A134: 46169 | B134: INV100133 | C134: E005 | D134: P010 | E134: B003 | F134: 10 | G134: 1758.41
A135: 46191 | B135: INV100134 | C135: E002 | E135: B001 | F135: 5 | G135: 736.6
A136: 46133 | B136: INV100135 | C136: E004 | D136: P003 | E136: B002 | F136: 3 | G136: 1049.66
A137: 46170 | B137: INV100136 | C137: E010 | D137: P008 | E137: B005 | F137: 4 | G137: 1004.04
A138: 46149 | B138: INV100137 | C138: E008 | D138: P002 | E138: B004 | F138: 5 | G138: 1267.64
A139: 46193 | B139: INV100138 | C139: E010 | D139: P011 | E139: B002 | F139: 7 | G139: 2347.22
A140: 46141 | B140: INV100139 | C140: E003 | D140: P005 | E140: B001 | F140: 1 | G140: 117.61
A141: 46152 | B141: INV100140 | C141: E010 | D141: P012 | E141: B003 | F141: 8 | G141: 1812.54
A142: 46201 | B142: INV100141 | C142: E005 | D142: P012 | E142: B003 | F142: 5 | G142: 1080.93
A143: 46176 | B143: INV100142 | C143: E008 | D143: P002 | E143: B004 | F143: 7 | G143: 1787.24
A144: 46190 | B144: INV100143 | C144: E005 | D144: P001 | E144: B003 | F144: 11 | G144: 4156.54
A145: 46186 | B145: INV100144 | C145: E010 | D145: P001 | E145: B003 | F145: 10 | G145: 4179.72
A146: 46135 | B146: INV100145 | C146: E008 | D146: P009 | E146: B004 | F146: 5 | G146: 1907.53
A147: 46187 | B147: INV100146 | C147: E007 | D147: P011 | E147: B001 | F147: 8 | G147: 2606.43
... A163: 46202 | B163: INV100162 | C163: E004 | D163: P010 | E163: B002 | F163: 7 | G163: 1323.03
A164: 46173 | B164: INV100163 | C164: E007 | D164: P007 | F164: 8 | G164: 2192.87
A165: 46129 | B165: INV100164 | C165: E009 | D165: P010 | E165: B005 | F165: 2 | G165: 340.14
A166: 46169 | B166: INV100165 | C166: E002 | D166: P009 | E166: B001 | F166: 12 | G166: 4599.04
A167: 46196 | B167: INV100166 | C167: E003 | D167: P002 | E167: B002 | F167: 5 | G167: 1343.12
A168: 46201 | B168: INV100167 | C168: E007 | D168: P011 | E168: B004 | F168: 6 | G168: 1831.35
A169: 46181 | B169: INV100168 | C169: E007 | D169: P006 | E169: B004 | F169: 8 | G169: 787.88
A170: 46117 | B170: INV100169 | C170: E010 | D170: P002 | E170: B005 | F170: 11 | G170: 2739.62
A171: 46142 | B171: INV100170 | C171: E002 | D171: P007 | E171: B001 | F171: 8 | G171: 2430.49
A172: 46151 | B172: INV100171 | C172: E001 | D172: P001 | E172: B001 | F172: 1 | G172: 405.21
A173: 46160 | B173: INV100172 | C173: E007 | D173: P003 | E173: B004 | F173: 7 | G173: 2283.62
A174: 46136 | B174: INV100173 | C174: E003 | D174: P003 | E174: B002 | F174: 7 | G174: 2267.81
A175: 46143 | B175: INV100174 | C175: E008 | D175: P010 | E175: B004 | F175: 8 | G175: 1403.65
A176: 46171 | B176: INV100175 | C176: E005 | D176: P011 | E176: B003 | F176: 8 | G176: 2425.85
... A217: 46145 | B217: INV100216 | C217: E006 | D217: P003 | E217: B003 | F217: 8 | G217: 2777.44
A218: 46123 | B218: INV100217 | D218: P007 | E218: B001 | F218: 12 | G218: 3553.65
A219: 46129 | B219: INV100218 | C219: E009 | D219: P001 | E219: B005 | F219: 9 | G219: 3525.22
A220: 46198 | B220: INV100219 | C220: E002 | D220: P007 | E220: B001 | F220: 11 | G220: 3024.89
A221: 46167 | B221: INV100220 | C221: E001 | D221: P005 | E221: B001 | F221: 6 | G221: 711.05
A222: 46177 | B222: INV100221 | C222: E004 | D222: P003 | E222: B002 | F222: 4 | G222: 1257.66
A223: 46157 | B223: INV100222 | C223: E009 | D223: P006 | E223: B005 | F223: 5 | G223: 512.11
A224: 46167 | B224: INV100223 | C224: E009 | D224: P010 | E224: B005 | F224: 11 | G224: 1950.37
A225: 46190 | B225: INV100224 | C225: E005 | D225: P001 | E225: B003 | F225: 12 | G225: 4578.89
A226: 46156 | B226: INV100225 | C226: E006 | D226: P001 | E226: B003 | F226: 3 | G226: 1174.37
A227: 46164 | B227: INV100226 | C227: E002 | D227: P003 | E227: B001 | F227: 1 | G227: 346.15
A228: 46180 | B228: INV100227 | C228: E004 | D228: P007 | E228: B002 | F228: 6 | G228: 1824.87
A229: 46152 | B229: INV100228 | C229: E006 | D229: P010 | E229: B003 | F229: 1 | G229: 186.45
A230: 46192 | B230: INV100229 | C230: E001 | D230: P011 | E230: B001 | F230: 8 | G230: 2503.94
... A303: 46180 | B303: INV100302 | C303: E006 | D303: P007 | E303: B003 | F303: 5 | G303: 1503.57
A304: 46127 | B304: INV100303 | C304: E001 | D304: P012 | E304: B001 | F304: 9
A305: 46184 | B305: INV100304 | C305: E002 | D305: P005 | E305: B001 | F305: 12 | G305: 1362.88
A306: 46191 | B306: INV100305 | C306: E005 | D306: P012 | E306: B004 | F306: 4 | G306: 906.46
A307: 46122 | B307: INV100306 | C307: E008 | D307: P003 | E307: B004 | F307: 2 | G307: 631.92
A308: 46153 | B308: INV100307 | C308: E006 | D308: P012 | E308: B003 | F308: 9 | G308: 1997.87
A309: 46151 | B309: INV100308 | C309: E003 | D309: P012 | E309: B002 | F309: 12 | G309: 2548.79
A310: 46159 | B310: INV100309 | C310: E009 | D310: P004 | E310: B005 | F310: 4 | G310: 579.17
A311: 46143 | B311: INV100310 | C311: E008 | D311: P001 | E311: B004 | F311: 10 | G311: 4014.07
A312: 46183 | B312: INV100311 | C312: E003 | D312: P010 | E312: B001 | F312: 5 | G312: 904.61
A313: 46174 | B313: INV100312 | C313: E009 | D313: P007 | E313: B005 | F313: 10 | G313: 3072.56
A314: 46153 | B314: INV100313 | C314: E002 | D314: P008 | E314: B001 | F314: 9 | G314: 2243.26
A315: 46183 | B315: INV100314 | C315: E010 | D315: P003 | E315: B005 | F315: 3 | G315: 995.49
A316: 46120 | B316: INV100315 | C316: E002 | D316: P009 | E316: B001 | F316: 3 | G316: 1147.26
... A345: 46201 | B345: INV100344 | C345: E001 | D345: P010 | E345: B001 | F345: 11 | G345: 1893.65
A346: 46187 | B346: INV100345 | C346: E010 | E346: B005 | F346: 10 | G346: 1507.75
A347: 46180 | B347: INV100346 | C347: E010 | D347: P007 | E347: B005 | F347: 11 | G347: 3310.89
...

Sheet 02_Employee_Master
A1: Employee_ID | B1: Employee_Name | C1: Department
A2: E001 | B2: Arun Kumar | C2: Sales
A3: E002 | B3: Priya S | C3: Sales
A4: E003 | B4: Rahul M | C4: Sales
A5: E004 | B5: Divya R | C5: Sales
A6: E005 | B6: Karthik P | C6: Sales
A7: E006 | B7: Meena V | C7: Sales
A8: E007 | B8: Suresh B | C8: Sales
A9: E008 | B9: Nandhini K | C9: Sales
A10: E009 | B10: Vignesh R | C10: Sales
A11: E010 | B11: Swetha L | C11: Sales
A12: E007 | B12: Suresh B | C12: Operations

Sheet 03_Product_Master
A1: Product_ID | B1: Product_Name | C1: Category | D1: Standard_Price
A2: P001 | B2: Premium Coffee | C2: Beverages | D2: 420
A3: P002 | B3: Green Tea | C3: Beverages | D3: 280
A4: P003 | B4: Instant Coffee | C4: Beverages | D4: 350
A5: P004 | B5: Cookies Pack | C5: Snacks | D5: 160
A6: P005 | B6: Chocolate Bar | C6: Snacks | D6: 120
A7: P006 | B7: Potato Chips | C7: Snacks | D7: 110
A8: P007 | B8: Shampoo | C8: Personal Care | D8: 310
A9: P008 | B9: Face Wash | C9: Personal Care | D9: 260
A10: P009 | B10: Body Lotion | C10: Personal Care | D10: 390
A11: P010 | B11: Dish Wash | C11: Home Care | D11: 190
A12: P011 | B12: Laundry Liquid | C12: Home Care | D12: 340
A13: P012 | B13: Floor Cleaner | C13: Home Care | D13: 230
A14: P009 | B14: Body Lotion | C14: Beauty | D14: 390

Sheet 04_Branch_Master
A1: Branch_ID | B1: Branch_Name | C1: Region
A2: B001 | B2: Tirupur Central | C2: North
A3: B002 | B3: Avinashi Road | C3: North
A4: B003 | B4: Palladam | C4: South
A5: B004 | B5: Kangeyam | C5: East
A6: B005 | B6: Dharapuram | C6: South
A7: B003 | B7: Palladam | C7: West

Sheet 05_Target_Master
A1: Employee_ID | B1: Month | C1: Monthly_Target | D1: sort | F1: key
A2: E001 | B2: 46113 | C2: 156900 | D2: 1 | E2: =IF(COUNTIFS(A2:A32,A2,B2:B32,B2)>1,"Duplicate","Unique") -> Unique | F2: =A2&"|"&TEXT(B2,"yyyymm") -> E001|202604
A3: E001 | B3: 46143 | C3: 169500 | D3: 2 | F3: =A3&"|"&TEXT(B3,"yyyymm") -> E001|202605
A4: E001 | B4: 46174 | C4: 150600 | D4: 3 | F4: =A4&"|"&TEXT(B4,"yyyymm") -> E001|202606
A5: E002 | B5: 46113 | C5: 122300 | D5: 4 | F5: =A5&"|"&TEXT(B5,"yyyymm") -> E002|202604
A6: E002 | B6: 46143 | C6: 132100 | D6: 5 | F6: =A6&"|"&TEXT(B6,"yyyymm") -> E002|202605
A7: E002 | B7: 46174 | C7: 117400 | D7: 6 | F7: =A7&"|"&TEXT(B7,"yyyymm") -> E002|202606
A8: E003 | B8: 46113 | C8: 116600 | D8: 7 | F8: =A8&"|"&TEXT(B8,"yyyymm") -> E003|202604
A9: E003 | B9: 46143 | C9: 126000 | D9: 8 | F9: =A9&"|"&TEXT(B9,"yyyymm") -> E003|202605
A10: E003 | B10: 46174 | C10: 112000 | D10: 9 | F10: =A10&"|"&TEXT(B10,"yyyymm") -> E003|202606
A11: E004 | B11: 46113 | C11: 163600 | D11: 10 | F11: =A11&"|"&TEXT(B11,"yyyymm") -> E004|202604
A12: E004 | B12: 46143 | C12: 176700 | D12: 11 | F12: =A12&"|"&TEXT(B12,"yyyymm") -> E004|202605
A13: E004 | B13: 46174 | C13: 157100 | D13: 12 | F13: =A13&"|"&TEXT(B13,"yyyymm") -> E004|202606
A14: E004 | B14: 46143 | C14: 155000 | D14: 13 | E14: =IF(COUNTIFS($A$2:$A$32,A14,$B$2:$B$32,B14)>1,"Duplicate","Unique") -> Duplicate | F14: =A14&"|"&TEXT(B14,"yyyymm") -> E004|202605
A15: E005 | B15: 46113 | C15: 133000 | D15: 14 | F15: =A15&"|"&TEXT(B15,"yyyymm") -> E005|202604
A16: E005 | B16: 46143 | C16: 143700 | D16: 15 | F16: =A16&"|"&TEXT(B16,"yyyymm") -> E005|202605
A17: E005 | B17: 46174 | C17: 127700 | D17: 16 | F17: =A17&"|"&TEXT(B17,"yyyymm") -> E005|202606
A18: E006 | B18: 46113 | C18: 131000 | D18: 17 | F18: =A18&"|"&TEXT(B18,"yyyymm") -> E006|202604
A19: E006 | B19: 46143 | C19: 141500 | D19: 18 | F19: =A19&"|"&TEXT(B19,"yyyymm") -> E006|202605
A20: E006 | B20: 46174 | C20: 125800 | D20: 19 | F20: =A20&"|"&TEXT(B20,"yyyymm") -> E006|202606
A21: E007 | B21: 46113 | C21: 129600 | D21: 20 | F21: =A21&"|"&TEXT(B21,"yyyymm") -> E007|202604
A22: E007 | B22: 46143 | C22: 140000 | D22: 21 | F22: =A22&"|"&TEXT(B22,"yyyymm") -> E007|202605
A23: E007 | B23: 46174 | C23: 124400 | D23: 22 | F23: =A23&"|"&TEXT(B23,"yyyymm") -> E007|202606
A24: E008 | B24: 46113 | C24: 124100 | D24: 23 | F24: =A24&"|"&TEXT(B24,"yyyymm") -> E008|202604
A25: E008 | B25: 46143 | C25: 134100 | D25: 24 | F25: =A25&"|"&TEXT(B25,"yyyymm") -> E008|202605
A26: E008 | B26: 46174 | C26: 119200 | D26: 25 | F26: =A26&"|"&TEXT(B26,"yyyymm") -> E008|202606
... A32: E010 | B32: 46174 | C32: 116800 | D32: 31 | F32: =A32&"|"&TEXT(B32,"yyyymm") -> E010|202606

Sheet 06_Issues_log
A1: Issue Type | B1: Sheet | C1: Row / ID | D1: Count | E1: What I Found | F1: Proposed Action
A2: Invalid Date | B2: 01_Sales_Data | C2: 113 | D2: 1 | E2: Invalid date - 31-Feb | F2: Check for original transaction data
A3: Date format | B3: 01_Sales_Data | C3: 369 | D3: 1 | E3: Date format is different | F3: Date format could be changed
A4: Invalid Date | B4: 01_Sales_Data | C4: 746 | D4: 1 | E4: Has text Not a date | F4: Check for original transaction data
A6: Duplicate Invoice id | B6: 01_Sales_Data | C6: 50,51, 200,201, 500,501 | D6: 6 | E6: INV100049, INV100199, INV100499 are repeated | F6: Check for original transaction data
A8: Missing Employee id | B8: 01_Sales_Data | C8: 87, 218 | D8: 2 | E8: Employee_id is blank | F8: Check for original transaction data
A9: Invalid_Employee_id | B9: 01_Sales_Data | C9: 423, 614 | D9: 2 | E9: E000, E999 are invlaid Employee_id | F9: Check for original transaction data
A11: Missing Product_id | B11: 01_Sales_Data | C11: 135, 346 | D11: 2 | E11: Product_id is blank | F11: Check for original transaction data
A12: Invalid Product_id | B12: 01_Sales_Data | C12: 457, 703 | D12: 2 | E12: P000, P999 are invalid product_id | F12: Check for original transaction data
A14: Missing Branch id | B14: 01_Sales_Data | C14: 164, 574 | D14: 2 | E14: Branch id is blank | F14: Check for original transaction data
A15: Invalid Branch id | B15: 01_Sales_Data | C15: 290, 640 | D15: 2 | E15: B000, B999 are invlaid branch id | F15: Check for original transaction data
A17: Invalid Quantity | B17: 01_Sales_Data | C17: 532, 691 | D17: 3 | E17: the values are 0 and negative | F17: Check for original transaction data
A19: Missing Sales Amount | B19: 01_Sales_Data | C19: 304625 | D19: 2 | E19: Sales amounts are missing | F19: Check for original transaction data
A21: Duplicate Master record | B21: 02_Employee_Master | C21: 12 | D21: 1 | E21: E007 is ties with 2 departments (sales and operations) | F21: Need to check with businees operations
A22: Duplicate Master record | B22: 03_Product_Master | C22: 14 | D22: 1 | E22: P009 has 2 different category | F22: Need to check with businees operations
A23: Duplicate Master record | B23: 04_Branch_Master | C23: 7 | D23: 1 | E23: B003 is tied with Palladam South and West | F23: Need to check with businees operations
A24: Target Master issues | B24: 05_Target_Master | C24: 12, 14 | D24: 2 | E24: E004 - May month has two targets | F24: Need to check with businees operations - Get correct target and remove other one

Sheet 03_Clean_data
A1: Date | B1: Invoice_ID | C1: Employee_ID | D1: Product_ID | E1: Branch_ID | F1: Quantity | G1: Sales_Amount | H1: Invoice_dup_check | I1: Data quality check | J1: employee id check | K1: Employee name | L1: Department name | M1: Product_id_check | N1: Product name | O1: Category | P1: standard price | Q1: Branch id check | R1: Branch name | S1: Region | T1: target key | U1: target amount
A2: 46199 | B2: INV100001 | C2: E009 | D2: P002 | E2: B005 | F2: 1 | G2: 279 | H2: =IF(COUNTIF(tbl_clean_sales[Invoice_ID],tbl_clean_sales[[#This Row],[Invoice_ID]])>1,"Duplicate","Unique") -> Unique | J2: =IF(tbl_clean_sales[[#This Row],[Employee_ID]]="","Missing",IFERROR(IF(VLOOKUP(tbl_clean_sales[[#This Row],[Employee_ID]],'02_Employee_Master'!$A$1:$C$12,1,FALSE)=tbl_clean_sales[[#This Row],[Employee_ID]],"Valid","Invalid"),"Invalid")) -> Valid | K2: =IFERROR(VLOOKUP(tbl_clean_sales[[#This Row],[Employee_ID]],'02_Employee_Master'!$A$1:$C$12,2,FALSE),"Employee Name Missing") -> Vignesh R | L2: =IFERROR(VLOOKUP(tbl_clean_sales[[#This Row],[Employee_ID]],'02_Employee_Master'!$A$1:$C$12,3,FALSE),"Department Name Missing") -> Sales | M2: =IF('03_Clean_data'!D2="","Missing",IFERROR(IF(VLOOKUP(D2,'03_Product_Master'!$A$1:$D$14,1,FALSE)='03_Clean_data'!D2,"Valid","Invalid"),"Invalid")) -> Valid | N2: =IFERROR(VLOOKUP(tbl_clean_sales[[#This Row],[Product_ID]],'03_Product_Master'!$A$1:$D$14,2,FALSE),"Missing") -> Green Tea | O2: =IFERROR(VLOOKUP(tbl_clean_sales[[#This Row],[Product_ID]],'03_Product_Master'!$A$1:$D$14,3,FALSE),"Missing") -> Beverages | P2: =IFERROR(VLOOKUP(tbl_clean_sales[[#This Row],[Product_ID]],'03_Product_Master'!$A$1:$D$14,4,FALSE),"Missing") -> 280 | Q2: =IF('03_Clean_data'!E2="","Missing",IFERROR(IF(VLOOKUP(E2,'04_Branch_Master'!$A$1:$C$7,1,FALSE)='03_Clean_data'!E2,"Valid","Invalid"),"Invalid")) -> Valid | R2: =IFERROR(VLOOKUP(tbl_clean_sales[[#This Row],[Branch_ID]],'04_Branch_Master'!$A$1:$C$7,2,FALSE),"Missing") -> Dharapuram | S2: =IFERROR(VLOOKUP(tbl_clean_sales[[#This Row],[Branch_ID]],'04_Branch_Master'!$A$1:$C$7,3,FALSE),"Missing") -> South | T2: =C2&"|"&TEXT(tbl_clean_sales[[#This Row],[Date]],"yyyymm") -> E009|202606 | U2: =IFERROR(INDEX('05_Target_Master'!$A$1:$F$32,MATCH(tbl_clean_sales[[#This Row],[target key]],'05_Target_Master'!$F$1:$F$32,0),3),"Missing") -> 156700
A3: 46140 | B3: INV100002 | C3: E004 | D3: P009 | E3: B002 | F3: 9 | G3: 3426.25 | H3: =IF(COUNTIF(tbl_clean_sales[Invoice_ID],tbl_clean_sales[[#This Row],[Invoice_ID]])>1,"Duplicate","Unique") -> Unique | J3: =IF(tbl_clean_sales[[#This Row],[Employee_ID]]="","Missing",IFERROR(IF(VLOOKUP(tbl_clean_sales[[#This Row],[Employee_ID]],'02_Employee_Master'!$A$1:$C$12,1,FALSE)=tbl_clean_sales[[#This Row],[Employee_ID]],"Valid","Invalid"),"Invalid")) -> Valid | K3: =IFERROR(VLOOKUP(tbl_clean_sales[[#This Row],[Employee_ID]],'02_Employee_Master'!$A$1:$C$12,2,FALSE),"Employee Name Missing") -> Divya R | L3: =IFERROR(VLOOKUP(tbl_clean_sales[[#This Row],[Employee_ID]],'02_Employee_Master'!$A$1:$C$12,3,FALSE),"Department Name Missing") -> Sales | M3: =IF('03_Clean_data'!D3="","Missing",IFERROR(IF(VLOOKUP(D3,'03_Product_Master'!$A$1:$D$14,1,FALSE)='03_Clean_data'!D3,"Valid","Invalid"),"Invalid")) -> Valid | N3: =IFERROR(VLOOKUP(tbl_clean_sales[[#This Row],[Product_ID]],'03_Product_Master'!$A$1:$D$14,2,FALSE),"Missing") -> Body Lotion | O3: =IFERROR(VLOOKUP(tbl_clean_sales[[#This Row],[Product_ID]],'03_Product_Master'!$A$1:$D$14,3,FALSE),"Missing") -> Personal Care | P3: =IFERROR(VLOOKUP(tbl_clean_sales[[#This Row],[Product_ID]],'03_Product_Master'!$A$1:$D$14,4,FALSE),"Missing") -> 390 | Q3: =IF('03_Clean_data'!E3="","Missing",IFERROR(IF(VLOOKUP(E3,'04_Branch_Master'!$A$1:$C$7,1,FALSE)='03_Clean_data'!E3,"Valid","Invalid"),"Invalid")) -> Valid | R3: =IFERROR(VLOOKUP(tbl_clean_sales[[#This Row],[Branch_ID]],'04_Branch_Master'!$A$1:$C$7,2,FALSE),"Missing") -> Avinashi Road | S3: =IFERROR(VLOOKUP(tbl_clean_sales[[#This Row],[Branch_ID]],'04_Branch_Master'!$A$1:$C$7,3,FALSE),"Missing") -> North | T3: =C3&"|"&TEXT(tbl_clean_sales[[#This Row],[Date]],"yyyymm") -> E004|202604 | U3: =IFERROR(INDEX('05_Target_Master'!$A$1:$F$32,MATCH(tbl_clean_sales[[#This Row],[target key]],'05_Target_Master'!$F$1:$F$32,0),3),"Missing") -> 163600
A4: 46196 | B4: INV100003 | C4: E009 | D4: P007 | E4: B005 | F4: 10 | G4: 2996.51 | H4: =IF(COUNTIF(tbl_clean_sales[Invoice_ID],tbl_clean_sales[[#This Row],[Invoice_ID]])>1,"Duplicate","Unique") -> Unique | J4: =IF(tbl_clean_sales[[#This Row],[Employee_ID]]="","Missing",IFERROR(IF(VLOOKUP(tbl_clean_sales[[#This Row],[Employee_ID]],'02_Employee_Master'!$A$1:$C$12,1,FALSE)=tbl_clean_sales[[#This Row],[Employee_ID]],"Valid","Invalid"),"Invalid")) -> Valid | K4: =IFERROR(VLOOKUP(tbl_clean_sales[[#This Row],[Employee_ID]],'02_Employee_Master'!$A$1:$C$12,2,FALSE),"Employee Name Missing") -> Vignesh R | L4: =IFERROR(VLOOKUP(tbl_clean_sales[[#This Row],[Employee_ID]],'02_Employee_Master'!$A$1:$C$12,3,FALSE),"Department Name Missing") -> Sales | M4: =IF('03_Clean_data'!D4="","Missing",IFERROR(IF(VLOOKUP(D4,'03_Product_Master'!$A$1:$D$14,1,FALSE)='03_Clean_data'!D4,"Valid","Invalid"),"Invalid")) -> Valid | N4: =IFERROR(VLOOKUP(tbl_clean_sales[[#This Row],[Product_ID]],'03_Product_Master'!$A$1:$D$14,2,FALSE),"Missing") -> Shampoo | O4: =IFERROR(VLOOKUP(tbl_clean_sales[[#This Row],[Product_ID]],'03_Product_Master'!$A$1:$D$14,3,FALSE),"Missing") -> Personal Care | P4: =IFERROR(VLOOKUP(tbl_clean_sales[[#This Row],[Product_ID]],'03_Product_Master'!$A$1:$D$14,4,FALSE),"Missing") -> 310 | Q4: =IF('03_Clean_data'!E4="","Missing",IFERROR(IF(VLOOKUP(E4,'04_Branch_Master'!$A$1:$C$7,1,FALSE)='03_Clean_data'!E4,"Valid","Invalid"),"Invalid")) -> Valid | R4: =IFERROR(VLOOKUP(tbl_clean_sales[[#This Row],[Branch_ID]],'04_Branch_Master'!$A$1:$C$7,2,FALSE),"Missing") -> Dharapuram | S4: =IFERROR(VLOOKUP(tbl_clean_sales[[#This Row],[Branch_ID]],'04_Branch_Master'!$A$1:$C$7,3,FALSE),"Missing") -> South | T4: =C4&"|"&TEXT(tbl_clean_sales[[#This Row],[Date]],"yyyymm") -> E009|202606 | U4: =IFERROR(INDEX('05_Target_Master'!$A$1:$F$32,MATCH(tbl_clean_sales[[#This Row],[target key]],'05_Target_Master'!$F$1:$F$32,0),3),"Missing") -> 156700
A5: 46113 | B5: INV100004 | C5: E003 | D5: P012 | E5: B002 | F5: 5 | G5: 1128.54 | H5: =IF(COUNTIF(tbl_clean_sales[Invoice_ID],tbl_clean_sales[[#This Row],[Invoice_ID]])>1,"Duplicate","Unique") -> Unique | J5: =IF(tbl_clean_sales[[#This Row],[Employee_ID]]="","Missing",IFERROR(IF(VLOOKUP(tbl_clean_sales[[#This Row],[Employee_ID]],'02_Employee_Master'!$A$1:$C$12,1,FALSE)=tbl_clean_sales[[#This Row],[Employee_ID]],"Valid","Invalid"),"Invalid")) -> Valid | K5: =IFERROR(VLOOKUP(tbl_clean_sales[[#This Row],[Employee_ID]],'02_Employee_Master'!$A$1:$C$12,2,FALSE),"Employee Name Missing") -> Rahul M | L5: =IFERROR(VLOOKUP(tbl_clean_sales[[#This Row],[Employee_ID]],'02_Employee_Master'!$A$1:$C$12,3,FALSE),"Department Name Missing") -> Sales | M5: =IF('03_Clean_data'!D5="","Missing",IFERROR(IF(VLOOKUP(D5,'03_Product_Master'!$A$1:$D$14,1,FALSE)='03_Clean_data'!D5,"Valid","Invalid"),"Invalid")) -> Valid | N5: =IFERROR(VLOOKUP(tbl_clean_sales[[#This Row],[Product_ID]],'03_Product_Master'!$A$1:$D$14,2,FALSE),"Missing") -> Floor Cleaner | O5: =IFERROR(VLOOKUP(tbl_clean_sales[[#This Row],[Product_ID]],'03_Product_Master'!$A$1:$D$14,3,FALSE),"Missing") -> Home Care | P5: =IFERROR(VLOOKUP(tbl_clean_sales[[#This Row],[Product_ID]],'03_Product_Master'!$A$1:$D$14,4,FALSE),"Missing") -> 230 | Q5: =IF('03_Clean_data'!E5="","Missing",IFERROR(IF(VLOOKUP(E5,'04_Branch_Master'!$A$1:$C$7,1,FALSE)='03_Clean_data'!E5,"Valid","Invalid"),"Invalid")) -> Valid | R5: =IFERROR(VLOOKUP(tbl_clean_sales[[#This Row],[Branch_ID]],'04_Branch_Master'!$A$1:$C$7,2,FALSE),"Missing") -> Avinashi Road | S5: =IFERROR(VLOOKUP(tbl_clean_sales[[#This Row],[Branch_ID]],'04_Branch_Master'!$A$1:$C$7,3,FALSE),"Missing") -> North | T5: =C5&"|"&TEXT(tbl_clean_sales[[#This Row],[Date]],"yyyymm") -> E003|202604 | U5: =IFERROR(INDEX('05_Target_Master'!$A$1:$F$32,MATCH(tbl_clean_sales[[#This Row],[target key]],'05_Target_Master'!$F$1:$F$32,0),3),"Missing") -> 116600
A6: 46156 | B6: INV100005 | C6: E002 | D6: P002 | E6: B001 | F6: 6 | G6: 1509.15 | H6: =IF(COUNTIF(tbl_clean_sales[Invoice_ID],tbl_clean_sales[[#This Row],[Invoice_ID]])>1,"Duplicate","Unique") -> Unique | J6: =IF(tbl_clean_sales[[#This Row],[Employee_ID]]="","Missing",IFERROR(IF(VLOOKUP(tbl_clean_sales[[#This Row],[Employee_ID]],'02_Employee_Master'!$A$1:$C$12,1,FALSE)=tbl_clean_sales[[#This Row],[Employee_ID]],"Valid","Invalid"),"Invalid")) -> Valid | K6: =IFERROR(VLOOKUP(tbl_clean_sales[[#This Row],[Employee_ID]],'02_Employee_Master'!$A$1:$C$12,2,FALSE),"Employee Name Missing") -> Priya S | L6: =IFERROR(VLOOKUP(tbl_clean_sales[[#This Row],[Employee_ID]],'02_Employee_Master'!$A$1:$C$12,3,FALSE),"Department Name Missing") -> Sales | M6: =IF('03_Clean_data'!D6="","Missing",IFERROR(IF(VLOOKUP(D6,'03_Product_Master'!$A$1:$D$14,1,FALSE)='03_Clean_data'!D6,"Valid","Invalid"),"Invalid")) -> Valid | N6: =IFERROR(VLOOKUP(tbl_clean_sales[[#This Row],[Product_ID]],'03_Product_Master'!$A$1:$D$14,2,FALSE),"Missing") -> Green Tea | O6: =IFERROR(VLOOKUP(tbl_clean_sales[[#This Row],[Product_ID]],'03_Product_Master'!$A$1:$D$14,3,FALSE),"Missing") -> Beverages | P6: =IFERROR(VLOOKUP(tbl_clean_sales[[#This Row],[Product_ID]],'03_Product_Master'!$A$1:$D$14,4,FALSE),"Missing") -> 280 | Q6: =IF('03_Clean_data'!E6="","Missing",IFERROR(IF(VLOOKUP(E6,'04_Branch_Master'!$A$1:$C$7,1,FALSE)='03_Clean_data'!E6,"Valid","Invalid"),"Invalid")) -> Valid | R6: =IFERROR(VLOOKUP(tbl_clean_sales[[#This Row],[Branch_ID]],'04_Branch_Master'!$A$1:$C$7,2,FALSE),"Missing") -> Tirupur Central | S6: =IFERROR(VLOOKUP(tbl_clean_sales[[#This Row],[Branch_ID]],'04_Branch_Master'!$A$1:$C$7,3,FALSE),"Missing") -> North | T6: =C6&"|"&TEXT(tbl_clean_sales[[#This Row],[Date]],"yyyymm") -> E002|202605 | U6: =IFERROR(INDEX('05_Target_Master'!$A$1:$F$32,MATCH(tbl_clean_sales[[#This Row],[target key]],'05_Target_Master'!$F$1:$F$32,0),3),"Missing") -> 132100
A7: 46190 | B7: INV100006 | C7: E005 | D7: P001 | E7: B003 | F7: 9 | G7: 3723.38 | H7: =IF(COUNTIF(tbl_clean_sales[Invoice_ID],tbl_clean_sales[[#This Row],[Invoice_ID]])>1,"Duplicate","Unique") -> Unique | J7: =IF(tbl_clean_sales[[#This Row],[Employee_ID]]="","Missing",IFERROR(IF(VLOOKUP(tbl_clean_sales[[#This Row],[Employee_ID]],'02_Employee_Master'!$A$1:$C$12,1,FALSE)=tbl_clean_sales[[#This Row],[Employee_ID]],"Valid","Invalid"),"Invalid")) -> Valid | K7: =IFERROR(VLOOKUP(tbl_clean_sales[[#This Row],[Employee_ID]],'02_Employee_Master'!$A$1:$C$12,2,FALSE),"Employee Name Missing") -> Karthik P | L7: =IFERROR(VLOOKUP(tbl_clean_sales[[#This Row],[Employee_ID]],'02_Employee_Master'!$A$1:$C$12,3,FALSE),"Department Name Missing") -> Sales | M7: =IF('03_Clean_data'!D7="","Missing",IFERROR(IF(VLOOKUP(D7,'03_Product_Master'!$A$1:$D$14,1,FALSE)='03_Clean_data'!D7,"Valid","Invalid"),"Invalid")) -> Valid | N7: =IFERROR(VLOOKUP(tbl_clean_sales[[#This Row],[Product_ID]],'03_Product_Master'!$A$1:$D$14,2,FALSE),"Missing") -> Premium Coffee | O7: =IFERROR(VLOOKUP(tbl_clean_sales[[#This Row],[Product_ID]],'03_Product_Master'!$A$1:$D$14,3,FALSE),"Missing") -> Beverages | P7: =IFERROR(VLOOKUP(tbl_clean_sales[[#This Row],[Product_ID]],'03_Product_Master'!$A$1:$D$14,4,FALSE),"Missing") -> 420 | Q7: =IF('03_Clean_data'!E7="","Missing",IFERROR(IF(VLOOKUP(E7,'04_Branch_Master'!$A$1:$C$7,1,FALSE)='03_Clean_data'!E7,"Valid","Invalid"),"Invalid")) -> Valid | R7: =IFERROR(VLOOKUP(tbl_clean_sales[[#This Row],[Branch_ID]],'04_Branch_Master'!$A$1:$C$7,2,FALSE),"Missing") -> Palladam | S7: =IFERROR(VLOOKUP(tbl_clean_sales[[#This Row],[Branch_ID]],'04_Branch_Master'!$A$1:$C$7,3,FALSE),"Missing") -> South | T7: =C7&"|"&TEXT(tbl_clean_sales[[#This Row],[Date]],"yyyymm") -> E005|202606 | U7: =IFERROR(INDEX('05_Target_Master'!$A$1:$F$32,MATCH(tbl_clean_sales[[#This Row],[target key]],'05_Target_Master'!$F$1:$F$32,0),3),"Missing") -> 127700
A8: 46161 | B8: INV100007 | C8: E002 | D8: P009 | E8: B001 | F8: 11 | G8: 3971.59 | H8: =IF(COUNTIF(tbl_clean_sales[Invoice_ID],tbl_clean_sales[[#This Row],[Invoice_ID]])>1,"Duplicate","Unique") -> Unique | J8: =IF(tbl_clean_sales[[#This Row],[Employee_ID]]="","Missing",IFERROR(IF(VLOOKUP(tbl_clean_sales[[#This Row],[Employee_ID]],'02_Employee_Master'!$A$1:$C$12,1,FALSE)=tbl_clean_sales[[#This Row],[Employee_ID]],"Valid","Invalid"),"Invalid")) -> Valid | K8: =IFERROR(VLOOKUP(tbl_clean_sales[[#This Row],[Employee_ID]],'02_Employee_Master'!$A$1:$C$12,2,FALSE),"Employee Name Missing") -> Priya S | L8: =IFERROR(VLOOKUP(tbl_clean_sales[[#This Row],[Employee_ID]],'02_Employee_Master'!$A$1:$C$12,3,FALSE),"Department Name Missing") -> Sales | M8: =IF('03_Clean_data'!D8="","Missing",IFERROR(IF(VLOOKUP(D8,'03_Product_Master'!$A$1:$D$14,1,FALSE)='03_Clean_data'!D8,"Valid","Invalid"),"Invalid")) -> Valid | N8: =IFERROR(VLOOKUP(tbl_clean_sales[[#This Row],[Product_ID]],'03_Product_Master'!$A$1:$D$14,2,FALSE),"Missing") -> Body Lotion | O8: =IFERROR(VLOOKUP(tbl_clean_sales[[#This Row],[Product_ID]],'03_Product_Master'!$A$1:$D$14,3,FALSE),"Missing") -> Personal Care | P8: =IFERROR(VLOOKUP(tbl_clean_sales[[#This Row],[Product_ID]],'03_Product_Master'!$A$1:$D$14,4,FALSE),"Missing") -> 390 | Q8: =IF('03_Clean_data'!E8="","Missing",IFERROR(IF(VLOOKUP(E8,'04_Branch_Master'!$A$1:$C$7,1,FALSE)='03_Clean_data'!E8,"Valid","Invalid"),"Invalid")) -> Valid | R8: =IFERROR(VLOOKUP(tbl_clean_sales[[#This Row],[Branch_ID]],'04_Branch_Master'!$A$1:$C$7,2,FALSE),"Missing") -> Tirupur Central | S8: =IFERROR(VLOOKUP(tbl_clean_sales[[#This Row],[Branch_ID]],'04_Branch_Master'!$A$1:$C$7,3,FALSE),"Missing") -> North | T8: =C8&"|"&TEXT(tbl_clean_sales[[#This Row],[Date]],"yyyymm") -> E002|202605 | U8: =IFERROR(INDEX('05_Target_Master'!$A$1:$F$32,MATCH(tbl_clean_sales[[#This Row],[target key]],'05_Target_Master'!$F$1:$F$32,0),3),"Missing") -> 132100
A9: 46159 | B9: INV100008 | C9: E010 | D9: P004 | E9: B005 | F9: 1 | G9: 147.3 | H9: =IF(COUNTIF(tbl_clean_sales[Invoice_ID],tbl_clean_sales[[#This Row],[Invoice_ID]])>1,"Duplicate","Unique") -> Unique | J9: =IF(tbl_clean_sales[[#This Row],[Employee_ID]]="","Missing",IFERROR(IF(VLOOKUP(tbl_clean_sales[[#This Row],[Employee_ID]],'02_Employee_Master'!$A$1:$C$12,1,FALSE)=tbl_clean_sales[[#This Row],[Employee_ID]],"Valid","Invalid"),"Invalid")) -> Valid | K9: =IFERROR(VLOOKUP(tbl_clean_sales[[#This Row],[Employee_ID]],'02_Employee_Master'!$A$1:$C$12,2,FALSE),"Employee Name Missing") -> Swetha L | L9: =IFERROR(VLOOKUP(tbl_clean_sales[[#This Row],[Employee_ID]],'02_Employee_Master'!$A$1:$C$12,3,FALSE),"Department Name Missing") -> Sales | M9: =IF('03_Clean_data'!D9="","Missing",IFERROR(IF(VLOOKUP(D9,'03_Product_Master'!$A$1:$D$14,1,FALSE)='03_Clean_data'!D9,"Valid","Invalid"),"Invalid")) -> Valid | N9: =IFERROR(VLOOKUP(tbl_clean_sales[[#This Row],[Product_ID]],'03_Product_Master'!$A$1:$D$14,2,FALSE),"Missing") -> Cookies Pack | O9: =IFERROR(VLOOKUP(tbl_clean_sales[[#This Row],[Product_ID]],'03_Product_Master'!$A$1:$D$14,3,FALSE),"Missing") -> Snacks | P9: =IFERROR(VLOOKUP(tbl_clean_sales[[#This Row],[Product_ID]],'03_Product_Master'!$A$1:$D$14,4,FALSE),"Missing") -> 160 | Q9: =IF('03_Clean_data'!E9="","Missing",IFERROR(IF(VLOOKUP(E9,'04_Branch_Master'!$A$1:$C$7,1,FALSE)='03_Clean_data'!E9,"Valid","Invalid"),"Invalid")) -> Valid | R9: =IFERROR(VLOOKUP(tbl_clean_sales[[#This Row],[Branch_ID]],'04_Branch_Master'!$A$1:$C$7,2,FALSE),"Missing") -> Dharapuram | S9: =IFERROR(VLOOKUP(tbl_clean_sales[[#This Row],[Branch_ID]],'04_Branch_Master'!$A$1:$C$7,3,FALSE),"Missing") -> South | T9: =C9&"|"&TEXT(tbl_clean_sales[[#This Row],[Date]],"yyyymm") -> E010|202605 | U9: =IFERROR(INDEX('05_Target_Master'!$A$1:$F$32,MATCH(tbl_clean_sales[[#This Row],[target key]],'05_Target_Master'!$F$1:$F$32,0),3),"Missing") -> 131500
A10: 46150 | B10: INV100009 | C10: E002 | D10: P004 | E10: B004 | F10: 5 | G10: 756.47 | H10: =IF(COUNTIF(tbl_clean_sales[Invoice_ID],tbl_clean_sales[[#This Row],[Invoice_ID]])>1,"Duplicate","Unique") -> Unique | J10: =IF(tbl_clean_sales[[#This Row],[Employee_ID]]="","Missing",IFERROR(IF(VLOOKUP(tbl_clean_sales[[#This Row],[Employee_ID]],'02_Employee_Master'!$A$1:$C$12,1,FALSE)=tbl_clean_sales[[#This Row],[Employee_ID]],"Valid","Invalid"),"Invalid")) -> Valid | K10: =IFERROR(VLOOKUP(tbl_clean_sales[[#This Row],[Employee_ID]],'02_Employee_Master'!$A$1:$C$12,2,FALSE),"Employee Name Missing") -> Priya S | L10: =IFERROR(VLOOKUP(tbl_clean_sales[[#This Row],[Employee_ID]],'02_Employee_Master'!$A$1:$C$12,3,FALSE),"Department Name Missing") -> Sales | M10: =IF('03_Clean_data'!D10="","Missing",IFERROR(IF(VLOOKUP(D10,'03_Product_Master'!$A$1:$D$14,1,FALSE)='03_Clean_data'!D10,"Valid","Invalid"),"Invalid")) -> Valid | N10: =IFERROR(VLOOKUP(tbl_clean_sales[[#This Row],[Product_ID]],'03_Product_Master'!$A$1:$D$14,2,FALSE),"Missing") -> Cookies Pack | O10: =IFERROR(VLOOKUP(tbl_clean_sales[[#This Row],[Product_ID]],'03_Product_Master'!$A$1:$D$14,3,FALSE),"Missing") -> Snacks | P10: =IFERROR(VLOOKUP(tbl_clean_sales[[#This Row],[Product_ID]],'03_Product_Master'!$A$1:$D$14,4,FALSE),"Missing") -> 160 | Q10: =IF('03_Clean_data'!E10="","Missing",IFERROR(IF(VLOOKUP(E10,'04_Branch_Master'!$A$1:$C$7,1,FALSE)='03_Clean_data'!E10,"Valid","Invalid"),"Invalid")) -> Valid | R10: =IFERROR(VLOOKUP(tbl_clean_sales[[#This Row],[Branch_ID]],'04_Branch_Master'!$A$1:$C$7,2,FALSE),"Missing") -> Kangeyam | S10: =IFERROR(VLOOKUP(tbl_clean_sales[[#This Row],[Branch_ID]],'04_Branch_Master'!$A$1:$C$7,3,FALSE),"Missing") -> East | T10: =C10&"|"&TEXT(tbl_clean_sales[[#This Row],[Date]],"yyyymm") -> E002|202605 | U10: =IFERROR(INDEX('05_Target_Master'!$A$1:$F$32,MATCH(tbl_clean_sales[[#This Row],[target key]],'05_Target_Master'!$F$1:$F$32,0),3),"Missing") -> 132100
A11: 46159 | B11: INV100010 | C11: E003 | D11: P006 | E11: B002 | F11: 11 | G11: 1171.23 | H11: =IF(COUNTIF(tbl_clean_sales[Invoice_ID],tbl_clean_sales[[#This Row],[Invoice_ID]])>1,"Duplicate","Unique") -> Unique | J11: =IF(tbl_clean_sales[[#This Row],[Employee_ID]]="","Missing",IFERROR(IF(VLOOKUP(tbl_clean_sales[[#This Row],[Employee_ID]],'02_Employee_Master'!$A$1:$C$12,1,FALSE)=tbl_clean_sales[[#This Row],[Employee_ID]],"Valid","Invalid"),"Invalid")) -> Valid | K11: =IFERROR(VLOOKUP(tbl_clean_sales[[#This Row],[Employee_ID]],'02_Employee_Master'!$A$1:$C$12,2,FALSE),"Employee Name Missing") -> Rahul M | L11: =IFERROR(VLOOKUP(tbl_clean_sales[[#This Row],[Employee_ID]],'02_Employee_Master'!$A$1:$C$12,3,FALSE),"Department Name Missing") -> Sales | M11: =IF('03_Clean_data'!D11="","Missing",IFERROR(IF(VLOOKUP(D11,'03_Product_Master'!$A$1:$D$14,1,FALSE)='03_Clean_data'!D11,"Valid","Invalid"),"Invalid")) -> Valid | N11: =IFERROR(VLOOKUP(tbl_clean_sales[[#This Row],[Product_ID]],'03_Product_Master'!$A$1:$D$14,2,FALSE),"Missing") -> Potato Chips | O11: =IFERROR(VLOOKUP(tbl_clean_sales[[#This Row],[Product_ID]],'03_Product_Master'!$A$1:$D$14,3,FALSE),"Missing") -> Snacks | P11: =IFERROR(VLOOKUP(tbl_clean_sales[[#This Row],[Product_ID]],'03_Product_Master'!$A$1:$D$14,4,FALSE),"Missing") -> 110 | Q11: =IF('03_Clean_data'!E11="","Missing",IFERROR(IF(VLOOKUP(E11,'04_Branch_Master'!$A$1:$C$7,1,FALSE)='03_Clean_data'!E11,"Valid","Invalid"),"Invalid")) -> Valid | R11: =IFERROR(VLOOKUP(tbl_clean_sales[[#This Row],[Branch_ID]],'04_Branch_Master'!$A$1:$C$7,2,FALSE),"Missing") -> Avinashi Road | S11: =IFERROR(VLOOKUP(tbl_clean_sales[[#This Row],[Branch_ID]],'04_Branch_Master'!$A$1:$C$7,3,FALSE),"Missing") -> North | T11: =C11&"|"&TEXT(tbl_clean_sales[[#This Row],[Date]],"yyyymm") -> E003|202605 | U11: =IFERROR(INDEX('05_Target_Master'!$A$1:$F$32,MATCH(tbl_clean_sales[[#This Row],[target key]],'05_Target_Master'!$F$1:$F$32,0),3),"Missing") -> 126000
A12: 46200 | B12: INV100011 | C12: E002 | D12: P010 | E12: B001 | F12: 9 | G12: 1560.38 | H12: =IF(COUNTIF(tbl_clean_sales[Invoice_ID],tbl_clean_sales[[#This Row],[Invoice_ID]])>1,"Duplicate","Unique") -> Unique | J12: =IF(tbl_clean_sales[[#This Row],[Employee_ID]]="","Missing",IFERROR(IF(VLOOKUP(tbl_clean_sales[[#This Row],[Employee_ID]],'02_Employee_Master'!$A$1:$C$12,1,FALSE)=tbl_clean_sales[[#This Row],[Employee_ID]],"Valid","Invalid"),"Invalid")) -> Valid | K12: =IFERROR(VLOOKUP(tbl_clean_sales[[#This Row],[Employee_ID]],'02_Employee_Master'!$A$1:$C$12,2,FALSE),"Employee Name Missing") -> Priya S | L12: =IFERROR(VLOOKUP(tbl_clean_sales[[#This Row],[Employee_ID]],'02_Employee_Master'!$A$1:$C$12,3,FALSE),"Department Name Missing") -> Sales | M12: =IF('03_Clean_data'!D12="","Missing",IFERROR(IF(VLOOKUP(D12,'03_Product_Master'!$A$1:$D$14,1,FALSE)='03_Clean_data'!D12,"Valid","Invalid"),"Invalid")) -> Valid | N12: =IFERROR(VLOOKUP(tbl_clean_sales[[#This Row],[Product_ID]],'03_Product_Master'!$A$1:$D$14,2,FALSE),"Missing") -> Dish Wash | O12: =IFERROR(VLOOKUP(tbl_clean_sales[[#This Row],[Product_ID]],'03_Product_Master'!$A$1:$D$14,3,FALSE),"Missing") -> Home Care | P12: =IFERROR(VLOOKUP(tbl_clean_sales[[#This Row],[Product_ID]],'03_Product_Master'!$A$1:$D$14,4,FALSE),"Missing") -> 190 | Q12: =IF('03_Clean_data'!E12="","Missing",IFERROR(IF(VLOOKUP(E12,'04_Branch_Master'!$A$1:$C$7,1,FALSE)='03_Clean_data'!E12,"Valid","Invalid"),"Invalid")) -> Valid | R12: =IFERROR(VLOOKUP(tbl_clean_sales[[#This Row],[Branch_ID]],'04_Branch_Master'!$A$1:$C$7,2,FALSE),"Missing") -> Tirupur Central | S12: =IFERROR(VLOOKUP(tbl_clean_sales[[#This Row],[Branch_ID]],'04_Branch_Master'!$A$1:$C$7,3,FALSE),"Missing") -> North | T12: =C12&"|"&TEXT(tbl_clean_sales[[#This Row],[Date]],"yyyymm") -> E002|202606 | U12: =IFERROR(INDEX('05_Target_Master'!$A$1:$F$32,MATCH(tbl_clean_sales[[#This Row],[target key]],'05_Target_Master'!$F$1:$F$32,0),3),"Missing") -> 117400
A13: 46133 | B13: INV100012 | C13: E008 | D13: P007 | E13: B004 | F13: 11 | G13: 3128.4 | H13: =IF(COUNTIF(tbl_clean_sales[Invoice_ID],tbl_clean_sales[[#This Row],[Invoice_ID]])>1,"Duplicate","Unique") -> Unique | J13: =IF(tbl_clean_sales[[#This Row],[Employee_ID]]="","Missing",IFERROR(IF(VLOOKUP(tbl_clean_sales[[#This Row],[Employee_ID]],'02_Employee_Master'!$A$1:$C$12,1,FALSE)=tbl_clean_sales[[#This Row],[Employee_ID]],"Valid","Invalid"),"Invalid")) -> Valid | K13: =IFERROR(VLOOKUP(tbl_clean_sales[[#This Row],[Employee_ID]],'02_Employee_Master'!$A$1:$C$12,2,FALSE),"Employee Name Missing") -> Nandhini K | L13: =IFERROR(VLOOKUP(tbl_clean_sales[[#This Row],[Employee_ID]],'02_Employee_Master'!$A$1:$C$12,3,FALSE),"Department Name Missing") -> Sales | M13: =IF('03_Clean_data'!D13="","Missing",IFERROR(IF(VLOOKUP(D13,'03_Product_Master'!$A$1:$D$14,1,FALSE)='03_Clean_data'!D13,"Valid","Invalid"),"Invalid")) -> Valid | N13: =IFERROR(VLOOKUP(tbl_clean_sales[[#This Row],[Product_ID]],'03_Product_Master'!$A$1:$D$14,2,FALSE),"Missing") -> Shampoo | O13: =IFERROR(VLOOKUP(tbl_clean_sales[[#This Row],[Product_ID]],'03_Product_Master'!$A$1:$D$14,3,FALSE),"Missing") -> Personal Care | P13: =IFERROR(VLOOKUP(tbl_clean_sales[[#This Row],[Product_ID]],'03_Product_Master'!$A$1:$D$14,4,FALSE),"Missing") -> 310 | Q13: =IF('03_Clean_data'!E13="","Missing",IFERROR(IF(VLOOKUP(E13,'04_Branch_Master'!$A$1:$C$7,1,FALSE)='03_Clean_data'!E13,"Valid","Invalid"),"Invalid")) -> Valid | R13: =IFERROR(VLOOKUP(tbl_clean_sales[[#This Row],[Branch_ID]],'04_Branch_Master'!$A$1:$C$7,2,FALSE),"Missing") -> Kangeyam | S13: =IFERROR(VLOOKUP(tbl_clean_sales[[#This Row],[Branch_ID]],'04_Branch_Master'!$A$1:$C$7,3,FALSE),"Missing") -> East | T13: =C13&"|"&TEXT(tbl_clean_sales[[#This Row],[Date]],"yyyymm") -> E008|202604 | U13: =IFERROR(INDEX('05_Target_Master'!$A$1:$F$32,MATCH(tbl_clean_sales[[#This Row],[target key]],'05_Target_Master'!$F$1:$F$32,0),3),"Missing") -> 124100
... A50: 46197 | B50: INV100049 | C50: E010 | D50: P010 | E50: B005 | F50: 5 | G50: 926.71 | H50: =IF(COUNTIF(tbl_clean_sales[Invoice_ID],tbl_clean_sales[[#This Row],[Invoice_ID]])>1,"Duplicate","Unique") -> Duplicate | J50: =IF(tbl_clean_sales[[#This Row],[Employee_ID]]="","Missing",IFERROR(IF(VLOOKUP(tbl_clean_sales[[#This Row],[Employee_ID]],'02_Employee_Master'!$A$1:$C$12,1,FALSE)=tbl_clean_sales[[#This Row],[Employee_ID]],"Valid","Invalid"),"Invalid")) -> Valid | K50: =IFERROR(VLOOKUP(tbl_clean_sales[[#This Row],[Employee_ID]],'02_Employee_Master'!$A$1:$C$12,2,FALSE),"Employee Name Missing") -> Swetha L | L50: =IFERROR(VLOOKUP(tbl_clean_sales[[#This Row],[Employee_ID]],'02_Employee_Master'!$A$1:$C$12,3,FALSE),"Department Name Missing") -> Sales | M50: =IF('03_Clean_data'!D50="","Missing",IFERROR(IF(VLOOKUP(D50,'03_Product_Master'!$A$1:$D$14,1,FALSE)='03_Clean_data'!D50,"Valid","Invalid"),"Invalid")) -> Valid | N50: =IFERROR(VLOOKUP(tbl_clean_sales[[#This Row],[Product_ID]],'03_Product_Master'!$A$1:$D$14,2,FALSE),"Missing") -> Dish Wash | O50: =IFERROR(VLOOKUP(tbl_clean_sales[[#This Row],[Product_ID]],'03_Product_Master'!$A$1:$D$14,3,FALSE),"Missing") -> Home Care | P50: =IFERROR(VLOOKUP(tbl_clean_sales[[#This Row],[Product_ID]],'03_Product_Master'!$A$1:$D$14,4,FALSE),"Missing") -> 190 | Q50: =IF('03_Clean_data'!E50="","Missing",IFERROR(IF(VLOOKUP(E50,'04_Branch_Master'!$A$1:$C$7,1,FALSE)='03_Clean_data'!E50,"Valid","Invalid"),"Invalid")) -> Valid | R50: =IFERROR(VLOOKUP(tbl_clean_sales[[#This Row],[Branch_ID]],'04_Branch_Master'!$A$1:$C$7,2,FALSE),"Missing") -> Dharapuram | S50: =IFERROR(VLOOKUP(tbl_clean_sales[[#This Row],[Branch_ID]],'04_Branch_Master'!$A$1:$C$7,3,FALSE),"Missing") -> South | T50: =C50&"|"&TEXT(tbl_clean_sales[[#This Row],[Date]],"yyyymm") -> E010|202606 | U50: =IFERROR(INDEX('05_Target_Master'!$A$1:$F$32,MATCH(tbl_clean_sales[[#This Row],[target key]],'05_Target_Master'!$F$1:$F$32,0),3),"Missing") -> 116800
A51: 46153 | B51: INV100049 | C51: E004 | D51: P005 | E51: B002 | F51: 11 | G51: 1217.75 | H51: =IF(COUNTIF(tbl_clean_sales[Invoice_ID],tbl_clean_sales[[#This Row],[Invoice_ID]])>1,"Duplicate","Unique") -> Duplicate | I51: Requires Source validation | J51: =IF(tbl_clean_sales[[#This Row],[Employee_ID]]="","Missing",IFERROR(IF(VLOOKUP(tbl_clean_sales[[#This Row],[Employee_ID]],'02_Employee_Master'!$A$1:$C$12,1,FALSE)=tbl_clean_sales[[#This Row],[Employee_ID]],"Valid","Invalid"),"Invalid")) -> Valid | K51: =IFERROR(VLOOKUP(tbl_clean_sales[[#This Row],[Employee_ID]],'02_Employee_Master'!$A$1:$C$12,2,FALSE),"Employee Name Missing") -> Divya R | L51: =IFERROR(VLOOKUP(tbl_clean_sales[[#This Row],[Employee_ID]],'02_Employee_Master'!$A$1:$C$12,3,FALSE),"Department Name Missing") -> Sales | M51: =IF('03_Clean_data'!D51="","Missing",IFERROR(IF(VLOOKUP(D51,'03_Product_Master'!$A$1:$D$14,1,FALSE)='03_Clean_data'!D51,"Valid","Invalid"),"Invalid")) -> Valid | N51: =IFERROR(VLOOKUP(tbl_clean_sales[[#This Row],[Product_ID]],'03_Product_Master'!$A$1:$D$14,2,FALSE),"Missing") -> Chocolate Bar | O51: =IFERROR(VLOOKUP(tbl_clean_sales[[#This Row],[Product_ID]],'03_Product_Master'!$A$1:$D$14,3,FALSE),"Missing") -> Snacks | P51: =IFERROR(VLOOKUP(tbl_clean_sales[[#This Row],[Product_ID]],'03_Product_Master'!$A$1:$D$14,4,FALSE),"Missing") -> 120 | Q51: =IF('03_Clean_data'!E51="","Missing",IFERROR(IF(VLOOKUP(E51,'04_Branch_Master'!$A$1:$C$7,1,FALSE)='03_Clean_data'!E51,"Valid","Invalid"),"Invalid")) -> Valid | R51: =IFERROR(VLOOKUP(tbl_clean_sales[[#This Row],[Branch_ID]],'04_Branch_Master'!$A$1:$C$7,2,FALSE),"Missing") -> Avinashi Road | S51: =IFERROR(VLOOKUP(tbl_clean_sales[[#This Row],[Branch_ID]],'04_Branch_Master'!$A$1:$C$7,3,FALSE),"Missing") -> North | T51: =C51&"|"&TEXT(tbl_clean_sales[[#This Row],[Date]],"yyyymm") -> E004|202605 | U51: =IFERROR(INDEX('05_Target_Master'!$A$1:$F$32,MATCH(tbl_clean_sales[[#This Row],[target key]],'05_Target_Master'!$F$1:$F$32,0),3),"Missing") -> 176700
A52: 46171 | B52: INV100051 | C52: E006 | D52: P002 | E52: B003 | F52: 10 | G52: 2464.52 | H52: =IF(COUNTIF(tbl_clean_sales[Invoice_ID],tbl_clean_sales[[#This Row],[Invoice_ID]])>1,"Duplicate","Unique") -> Unique | J52: =IF(tbl_clean_sales[[#This Row],[Employee_ID]]="","Missing",IFERROR(IF(VLOOKUP(tbl_clean_sales[[#This Row],[Employee_ID]],'02_Employee_Master'!$A$1:$C$12,1,FALSE)=tbl_clean_sales[[#This Row],[Employee_ID]],"Valid","Invalid"),"Invalid")) -> Valid | K52: =IFERROR(VLOOKUP(tbl_clean_sales[[#This Row],[Employee_ID]],'02_Employee_Master'!$A$1:$C$12,2,FALSE),"Employee Name Missing") -> Meena V | L52: =IFERROR(VLOOKUP(tbl_clean_sales[[#This Row],[Employee_ID]],'02_Employee_Master'!$A$1:$C$12,3,FALSE),"Department Name Missing") -> Sales | M52: =IF('03_Clean_data'!D52="","Missing",IFERROR(IF(VLOOKUP(D52,'03_Product_Master'!$A$1:$D$14,1,FALSE)='03_Clean_data'!D52,"Valid","Invalid"),"Invalid")) -> Valid | N52: =IFERROR(VLOOKUP(tbl_clean_sales[[#This Row],[Product_ID]],'03_Product_Master'!$A$1:$D$14,2,FALSE),"Missing") -> Green Tea | O52: =IFERROR(VLOOKUP(tbl_clean_sales[[#This Row],[Product_ID]],'03_Product_Master'!$A$1:$D$14,3,FALSE),"Missing") -> Beverages | P52: =IFERROR(VLOOKUP(tbl_clean_sales[[#This Row],[Product_ID]],'03_Product_Master'!$A$1:$D$14,4,FALSE),"Missing") -> 280 | Q52: =IF('03_Clean_data'!E52="","Missing",IFERROR(IF(VLOOKUP(E52,'04_Branch_Master'!$A$1:$C$7,1,FALSE)='03_Clean_data'!E52,"Valid","Invalid"),"Invalid")) -> Valid | R52: =IFERROR(VLOOKUP(tbl_clean_sales[[#This Row],[Branch_ID]],'04_Branch_Master'!$A$1:$C$7,2,FALSE),"Missing") -> Palladam | S52: =IFERROR(VLOOKUP(tbl_clean_sales[[#This Row],[Branch_ID]],'04_Branch_Master'!$A$1:$C$7,3,FALSE),"Missing") -> South | T52: =C52&"|"&TEXT(tbl_clean_sales[[#This Row],[Date]],"yyyymm") -> E006|202605 | U52: =IFERROR(INDEX('05_Target_Master'!$A$1:$F$32,MATCH(tbl_clean_sales[[#This Row],[target key]],'05_Target_Master'!$F$1:$F$32,0),3),"Missing") -> 141500
A53: 46125 | B53: INV100052 | C53: E002 | D53: P009 | E53: B001 | F53: 5 | G53: 1919.01 | H53: =IF(COUNTIF(tbl_clean_sales[Invoice_ID],tbl_clean_sales[[#This Row],[Invoice_ID]])>1,"Duplicate","Unique") -> Unique | J53: =IF(tbl_clean_sales[[#This Row],[Employee_ID]]="","Missing",IFERROR(IF(VLOOKUP(tbl_clean_sales[[#This Row],[Employee_ID]],'02_Employee_Master'!$A$1:$C$12,1,FALSE)=tbl_clean_sales[[#This Row],[Employee_ID]],"Valid","Invalid"),"Invalid")) -> Valid | K53: =IFERROR(VLOOKUP(tbl_clean_sales[[#This Row],[Employee_ID]],'02_Employee_Master'!$A$1:$C$12,2,FALSE),"Employee Name Missing") -> Priya S | L53: =IFERROR(VLOOKUP(tbl_clean_sales[[#This Row],[Employee_ID]],'02_Employee_Master'!$A$1:$C$12,3,FALSE),"Department Name Missing") -> Sales | M53: =IF('03_Clean_data'!D53="","Missing",IFERROR(IF(VLOOKUP(D53,'03_Product_Master'!$A$1:$D$14,1,FALSE)='03_Clean_data'!D53,"Valid","Invalid"),"Invalid")) -> Valid | N53: =IFERROR(VLOOKUP(tbl_clean_sales[[#This Row],[Product_ID]],'03_Product_Master'!$A$1:$D$14,2,FALSE),"Missing") -> Body Lotion | O53: =IFERROR(VLOOKUP(tbl_clean_sales[[#This Row],[Product_ID]],'03_Product_Master'!$A$1:$D$14,3,FALSE),"Missing") -> Personal Care | P53: =IFERROR(VLOOKUP(tbl_clean_sales[[#This Row],[Product_ID]],'03_Product_Master'!$A$1:$D$14,4,FALSE),"Missing") -> 390 | Q53: =IF('03_Clean_data'!E53="","Missing",IFERROR(IF(VLOOKUP(E53,'04_Branch_Master'!$A$1:$C$7,1,FALSE)='03_Clean_data'!E53,"Valid","Invalid"),"Invalid")) -> Valid | R53: =IFERROR(VLOOKUP(tbl_clean_sales[[#This Row],[Branch_ID]],'04_Branch_Master'!$A$1:$C$7,2,FALSE),"Missing") -> Tirupur Central | S53: =IFERROR(VLOOKUP(tbl_clean_sales[[#This Row],[Branch_ID]],'04_Branch_Master'!$A$1:$C$7,3,FALSE),"Missing") -> North | T53: =C53&"|"&TEXT(tbl_clean_sales[[#This Row],[Date]],"yyyymm") -> E002|202604 | U53: =IFERROR(INDEX('05_Target_Master'!$A$1:$F$32,MATCH(tbl_clean_sales[[#This Row],[target key]],'05_Target_Master'!$F$1:$F$32,0),3),"Missing") -> 122300
A54: 46157 | B54: INV100053 | C54: E002 | D54: P004 | E54: B001 | F54: 3 | G54: 454.76 | H54: =IF(COUNTIF(tbl_clean_sales[Invoice_ID],tbl_clean_sales[[#This Row],[Invoice_ID]])>1,"Duplicate","Unique") -> Unique | J54: =IF(tbl_clean_sales[[#This Row],[Employee_ID]]="","Missing",IFERROR(IF(VLOOKUP(tbl_clean_sales[[#This Row],[Employee_ID]],'02_Employee_Master'!$A$1:$C$12,1,FALSE)=tbl_clean_sales[[#This Row],[Employee_ID]],"Valid","Invalid"),"Invalid")) -> Valid | K54: =IFERROR(VLOOKUP(tbl_clean_sales[[#This Row],[Employee_ID]],'02_Employee_Master'!$A$1:$C$12,2,FALSE),"Employee Name Missing") -> Priya S | L54: =IFERROR(VLOOKUP(tbl_clean_sales[[#This Row],[Employee_ID]],'02_Employee_Master'!$A$1:$C$12,3,FALSE),"Department Name Missing") -> Sales | M54: =IF('03_Clean_data'!D54="","Missing",IFERROR(IF(VLOOKUP(D54,'03_Product_Master'!$A$1:$D$14,1,FALSE)='03_Clean_data'!D54,"Valid","Invalid"),"Invalid")) -> Valid | N54: =IFERROR(VLOOKUP(tbl_clean_sales[[#This Row],[Product_ID]],'03_Product_Master'!$A$1:$D$14,2,FALSE),"Missing") -> Cookies Pack | O54: =IFERROR(VLOOKUP(tbl_clean_sales[[#This Row],[Product_ID]],'03_Product_Master'!$A$1:$D$14,3,FALSE),"Missing") -> Snacks | P54: =IFERROR(VLOOKUP(tbl_clean_sales[[#This Row],[Product_ID]],'03_Product_Master'!$A$1:$D$14,4,FALSE),"Missing") -> 160 | Q54: =IF('03_Clean_data'!E54="","Missing",IFERROR(IF(VLOOKUP(E54,'04_Branch_Master'!$A$1:$C$7,1,FALSE)='03_Clean_data'!E54,"Valid","Invalid"),"Invalid")) -> Valid | R54: =IFERROR(VLOOKUP(tbl_clean_sales[[#This Row],[Branch_ID]],'04_Branch_Master'!$A$1:$C$7,2,FALSE),"Missing") -> Tirupur Central | S54: =IFERROR(VLOOKUP(tbl_clean_sales[[#This Row],[Branch_ID]],'04_Branch_Master'!$A$1:$C$7,3,FALSE),"Missing") -> North | T54: =C54&"|"&TEXT(tbl_clean_sales[[#This Row],[Date]],"yyyymm") -> E002|202605 | U54: =IFERROR(INDEX('05_Target_Master'!$A$1:$F$32,MATCH(tbl_clean_sales[[#This Row],[target key]],'05_Target_Master'!$F$1:$F$32,0),3),"Missing") -> 132100
A55: 46182 | B55: INV100054 | C55: E005 | D55: P010 | E55: B005 | F55: 1 | G55: 174.77 | H55: =IF(COUNTIF(tbl_clean_sales[Invoice_ID],tbl_clean_sales[[#This Row],[Invoice_ID]])>1,"Duplicate","Unique") -> Unique | J55: =IF(tbl_clean_sales[[#This Row],[Employee_ID]]="","Missing",IFERROR(IF(VLOOKUP(tbl_clean_sales[[#This Row],[Employee_ID]],'02_Employee_Master'!$A$1:$C$12,1,FALSE)=tbl_clean_sales[[#This Row],[Employee_ID]],"Valid","Invalid"),"Invalid")) -> Valid | K55: =IFERROR(VLOOKUP(tbl_clean_sales[[#This Row],[Employee_ID]],'02_Employee_Master'!$A$1:$C$12,2,FALSE),"Employee Name Missing") -> Karthik P | L55: =IFERROR(VLOOKUP(tbl_clean_sales[[#This Row],[Employee_ID]],'02_Employee_Master'!$A$1:$C$12,3,FALSE),"Department Name Missing") -> Sales | M55: =IF('03_Clean_data'!D55="","Missing",IFERROR(IF(VLOOKUP(D55,'03_Product_Master'!$A$1:$D$14,1,FALSE)='03_Clean_data'!D55,"Valid","Invalid"),"Invalid")) -> Valid | N55: =IFERROR(VLOOKUP(tbl_clean_sales[[#This Row],[Product_ID]],'03_Product_Master'!$A$1:$D$14,2,FALSE),"Missing") -> Dish Wash | O55: =IFERROR(VLOOKUP(tbl_clean_sales[[#This Row],[Product_ID]],'03_Product_Master'!$A$1:$D$14,3,FALSE),"Missing") -> Home Care | P55: =IFERROR(VLOOKUP(tbl_clean_sales[[#This Row],[Product_ID]],'03_Product_Master'!$A$1:$D$14,4,FALSE),"Missing") -> 190 | Q55: =IF('03_Clean_data'!E55="","Missing",IFERROR(IF(VLOOKUP(E55,'04_Branch_Master'!$A$1:$C$7,1,FALSE)='03_Clean_data'!E55,"Valid","Invalid"),"Invalid")) -> Valid | R55: =IFERROR(VLOOKUP(tbl_clean_sales[[#This Row],[Branch_ID]],'04_Branch_Master'!$A$1:$C$7,2,FALSE),"Missing") -> Dharapuram | S55: =IFERROR(VLOOKUP(tbl_clean_sales[[#This Row],[Branch_ID]],'04_Branch_Master'!$A$1:$C$7,3,FALSE),"Missing") -> South | T55: =C55&"|"&TEXT(tbl_clean_sales[[#This Row],[Date]],"yyyymm") -> E005|202606 | U55: =IFERROR(INDEX('05_Target_Master'!$A$1:$F$32,MATCH(tbl_clean_sales[[#This Row],[target key]],'05_Target_Master'!$F$1:$F$32,0),3),"Missing") -> 127700
A56: 46183 | B56: INV100055 | C56: E005 | D56: P011 | E56: B003 | F56: 3 | G56: 987.63 | H56: =IF(COUNTIF(tbl_clean_sales[Invoice_ID],tbl_clean_sales[[#This Row],[Invoice_ID]])>1,"Duplicate","Unique") -> Unique | J56: =IF(tbl_clean_sales[[#This Row],[Employee_ID]]="","Missing",IFERROR(IF(VLOOKUP(tbl_clean_sales[[#This Row],[Employee_ID]],'02_Employee_Master'!$A$1:$C$12,1,FALSE)=tbl_clean_sales[[#This Row],[Employee_ID]],"Valid","Invalid"),"Invalid")) -> Valid | K56: =IFERROR(VLOOKUP(tbl_clean_sales[[#This Row],[Employee_ID]],'02_Employee_Master'!$A$1:$C$12,2,FALSE),"Employee Name Missing") -> Karthik P | L56: =IFERROR(VLOOKUP(tbl_clean_sales[[#This Row],[Employee_ID]],'02_Employee_Master'!$A$1:$C$12,3,FALSE),"Department Name Missing") -> Sales | M56: =IF('03_Clean_data'!D56="","Missing",IFERROR(IF(VLOOKUP(D56,'03_Product_Master'!$A$1:$D$14,1,FALSE)='03_Clean_data'!D56,"Valid","Invalid"),"Invalid")) -> Valid | N56: =IFERROR(VLOOKUP(tbl_clean_sales[[#This Row],[Product_ID]],'03_Product_Master'!$A$1:$D$14,2,FALSE),"Missing") -> Laundry Liquid | O56: =IFERROR(VLOOKUP(tbl_clean_sales[[#This Row],[Product_ID]],'03_Product_Master'!$A$1:$D$14,3,FALSE),"Missing") -> Home Care | P56: =IFERROR(VLOOKUP(tbl_clean_sales[[#This Row],[Product_ID]],'03_Product_Master'!$A$1:$D$14,4,FALSE),"Missing") -> 340 | Q56: =IF('03_Clean_data'!E56="","Missing",IFERROR(IF(VLOOKUP(E56,'04_Branch_Master'!$A$1:$C$7,1,FALSE)='03_Clean_data'!E56,"Valid","Invalid"),"Invalid")) -> Valid | R56: =IFERROR(VLOOKUP(tbl_clean_sales[[#This Row],[Branch_ID]],'04_Branch_Master'!$A$1:$C$7,2,FALSE),"Missing") -> Palladam | S56: =IFERROR(VLOOKUP(tbl_clean_sales[[#This Row],[Branch_ID]],'04_Branch_Master'!$A$1:$C$7,3,FALSE),"Missing") -> South | T56: =C56&"|"&TEXT(tbl_clean_sales[[#This Row],[Date]],"yyyymm") -> E005|202606 | U56: =IFERROR(INDEX('05_Target_Master'!$A$1:$F$32,MATCH(tbl_clean_sales[[#This Row],[target key]],'05_Target_Master'!$F$1:$F$32,0),3),"Missing") -> 127700
A57: 46126 | B57: INV100056 | C57: E009 | D57: P003 | E57: B005 | F57: 10 | G57: 3411.54 | H57: =IF(COUNTIF(tbl_clean_sales[Invoice_ID],tbl_clean_sales[[#This Row],[Invoice_ID]])>1,"Duplicate","Unique") -> Unique | J57: =IF(tbl_clean_sales[[#This Row],[Employee_ID]]="","Missing",IFERROR(IF(VLOOKUP(tbl_clean_sales[[#This Row],[Employee_ID]],'02_Employee_Master'!$A$1:$C$12,1,FALSE)=tbl_clean_sales[[#This Row],[Employee_ID]],"Valid","Invalid"),"Invalid")) -> Valid | K57: =IFERROR(VLOOKUP(tbl_clean_sales[[#This Row],[Employee_ID]],'02_Employee_Master'!$A$1:$C$12,2,FALSE),"Employee Name Missing") -> Vignesh R | L57: =IFERROR(VLOOKUP(tbl_clean_sales[[#This Row],[Employee_ID]],'02_Employee_Master'!$A$1:$C$12,3,FALSE),"Department Name Missing") -> Sales | M57: =IF('03_Clean_data'!D57="","Missing",IFERROR(IF(VLOOKUP(D57,'03_Product_Master'!$A$1:$D$14,1,FALSE)='03_Clean_data'!D57,"Valid","Invalid"),"Invalid")) -> Valid | N57: =IFERROR(VLOOKUP(tbl_clean_sales[[#This Row],[Product_ID]],'03_Product_Master'!$A$1:$D$14,2,FALSE),"Missing") -> Instant Coffee | O57: =IFERROR(VLOOKUP(tbl_clean_sales[[#This Row],[Product_ID]],'03_Product_Master'!$A$1:$D$14,3,FALSE),"Missing") -> Beverages | P57: =IFERROR(VLOOKUP(tbl_clean_sales[[#This Row],[Product_ID]],'03_Product_Master'!$A$1:$D$14,4,FALSE),"Missing") -> 350 | Q57: =IF('03_Clean_data'!E57="","Missing",IFERROR(IF(VLOOKUP(E57,'04_Branch_Master'!$A$1:$C$7,1,FALSE)='03_Clean_data'!E57,"Valid","Invalid"),"Invalid")) -> Valid | R57: =IFERROR(VLOOKUP(tbl_clean_sales[[#This Row],[Branch_ID]],'04_Branch_Master'!$A$1:$C$7,2,FALSE),"Missing") -> Dharapuram | S57: =IFERROR(VLOOKUP(tbl_clean_sales[[#This Row],[Branch_ID]],'04_Branch_Master'!$A$1:$C$7,3,FALSE),"Missing") -> South | T57: =C57&"|"&TEXT(tbl_clean_sales[[#This Row],[Date]],"yyyymm") -> E009|202604 | U57: =IFERROR(INDEX('05_Target_Master'!$A$1:$F$32,MATCH(tbl_clean_sales[[#This Row],[target key]],'05_Target_Master'!$F$1:$F$32,0),3),"Missing") -> 163300
A58: 46156 | B58: INV100057 | C58: E004 | D58: P011 | E58: B002 | F58: 5 | G58: 1596.9 | H58: =IF(COUNTIF(tbl_clean_sales[Invoice_ID],tbl_clean_sales[[#This Row],[Invoice_ID]])>1,"Duplicate","Unique") -> Unique | J58: =IF(tbl_clean_sales[[#This Row],[Employee_ID]]="","Missing",IFERROR(IF(VLOOKUP(tbl_clean_sales[[#This Row],[Employee_ID]],'02_Employee_Master'!$A$1:$C$12,1,FALSE)=tbl_clean_sales[[#This Row],[Employee_ID]],"Valid","Invalid"),"Invalid")) -> Valid | K58: =IFERROR(VLOOKUP(tbl_clean_sales[[#This Row],[Employee_ID]],'02_Employee_Master'!$A$1:$C$12,2,FALSE),"Employee Name Missing") -> Divya R | L58: =IFERROR(VLOOKUP(tbl_clean_sales[[#This Row],[Employee_ID]],'02_Employee_Master'!$A$1:$C$12,3,FALSE),"Department Name Missing") -> Sales | M58: =IF('03_Clean_data'!D58="","Missing",IFERROR(IF(VLOOKUP(D58,'03_Product_Master'!$A$1:$D$14,1,FALSE)='03_Clean_data'!D58,"Valid","Invalid"),"Invalid")) -> Valid | N58: =IFERROR(VLOOKUP(tbl_clean_sales[[#This Row],[Product_ID]],'03_Product_Master'!$A$1:$D$14,2,FALSE),"Missing") -> Laundry Liquid | O58: =IFERROR(VLOOKUP(tbl_clean_sales[[#This Row],[Product_ID]],'03_Product_Master'!$A$1:$D$14,3,FALSE),"Missing") -> Home Care | P58: =IFERROR(VLOOKUP(tbl_clean_sales[[#This Row],[Product_ID]],'03_Product_Master'!$A$1:$D$14,4,FALSE),"Missing") -> 340 | Q58: =IF('03_Clean_data'!E58="","Missing",IFERROR(IF(VLOOKUP(E58,'04_Branch_Master'!$A$1:$C$7,1,FALSE)='03_Clean_data'!E58,"Valid","Invalid"),"Invalid")) -> Valid | R58: =IFERROR(VLOOKUP(tbl_clean_sales[[#This Row],[Branch_ID]],'04_Branch_Master'!$A$1:$C$7,2,FALSE),"Missing") -> Avinashi Road | S58: =IFERROR(VLOOKUP(tbl_clean_sales[[#This Row],[Branch_ID]],'04_Branch_Master'!$A$1:$C$7,3,FALSE),"Missing") -> North | T58: =C58&"|"&TEXT(tbl_clean_sales[[#This Row],[Date]],"yyyymm") -> E004|202605 | U58: =IFERROR(INDEX('05_Target_Master'!$A$1:$F$32,MATCH(tbl_clean_sales[[#This Row],[target key]],'05_Target_Master'!$F$1:$F$32,0),3),"Missing") -> 176700
A59: 46145 | B59: INV100058 | C59: E001 | D59: P002 | E59: B001 | F59: 5 | G59: 1392.59 | H59: =IF(COUNTIF(tbl_clean_sales[Invoice_ID],tbl_clean_sales[[#This Row],[Invoice_ID]])>1,"Duplicate","Unique") -> Unique | J59: =IF(tbl_clean_sales[[#This Row],[Employee_ID]]="","Missing",IFERROR(IF(VLOOKUP(tbl_clean_sales[[#This Row],[Employee_ID]],'02_Employee_Master'!$A$1:$C$12,1,FALSE)=tbl_clean_sales[[#This Row],[Employee_ID]],"Valid","Invalid"),"Invalid")) -> Valid | K59: =IFERROR(VLOOKUP(tbl_clean_sales[[#This Row],[Employee_ID]],'02_Employee_Master'!$A$1:$C$12,2,FALSE),"Employee Name Missing") -> Arun Kumar | L59: =IFERROR(VLOOKUP(tbl_clean_sales[[#This Row],[Employee_ID]],'02_Employee_Master'!$A$1:$C$12,3,FALSE),"Department Name Missing") -> Sales | M59: =IF('03_Clean_data'!D59="","Missing",IFERROR(IF(VLOOKUP(D59,'03_Product_Master'!$A$1:$D$14,1,FALSE)='03_Clean_data'!D59,"Valid","Invalid"),"Invalid")) -> Valid | N59: =IFERROR(VLOOKUP(tbl_clean_sales[[#This Row],[Product_ID]],'03_Product_Master'!$A$1:$D$14,2,FALSE),"Missing") -> Green Tea | O59: =IFERROR(VLOOKUP(tbl_clean_sales[[#This Row],[Product_ID]],'03_Product_Master'!$A$1:$D$14,3,FALSE),"Missing") -> Beverages | P59: =IFERROR(VLOOKUP(tbl_clean_sales[[#This Row],[Product_ID]],'03_Product_Master'!$A$1:$D$14,4,FALSE),"Missing") -> 280 | Q59: =IF('03_Clean_data'!E59="","Missing",IFERROR(IF(VLOOKUP(E59,'04_Branch_Master'!$A$1:$C$7,1,FALSE)='03_Clean_data'!E59,"Valid","Invalid"),"Invalid")) -> Valid | R59: =IFERROR(VLOOKUP(tbl_clean_sales[[#This Row],[Branch_ID]],'04_Branch_Master'!$A$1:$C$7,2,FALSE),"Missing") -> Tirupur Central | S59: =IFERROR(VLOOKUP(tbl_clean_sales[[#This Row],[Branch_ID]],'04_Branch_Master'!$A$1:$C$7,3,FALSE),"Missing") -> North | T59: =C59&"|"&TEXT(tbl_clean_sales[[#This Row],[Date]],"yyyymm") -> E001|202605 | U59: =IFERROR(INDEX('05_Target_Master'!$A$1:$F$32,MATCH(tbl_clean_sales[[#This Row],[target key]],'05_Target_Master'!$F$1:$F$32,0),3),"Missing") -> 169500
A60: 46155 | B60: INV100059 | C60: E003 | D60: P011 | E60: B002 | F60: 12 | G60: 3863.68 | H60: =IF(COUNTIF(tbl_clean_sales[Invoice_ID],tbl_clean_sales[[#This Row],[Invoice_ID]])>1,"Duplicate","Unique") -> Unique | J60: =IF(tbl_clean_sales[[#This Row],[Employee_ID]]="","Missing",IFERROR(IF(VLOOKUP(tbl_clean_sales[[#This Row],[Employee_ID]],'02_Employee_Master'!$A$1:$C$12,1,FALSE)=tbl_clean_sales[[#This Row],[Employee_ID]],"Valid","Invalid"),"Invalid")) -> Valid | K60: =IFERROR(VLOOKUP(tbl_clean_sales[[#This Row],[Employee_ID]],'02_Employee_Master'!$A$1:$C$12,2,FALSE),"Employee Name Missing") -> Rahul M | L60: =IFERROR(VLOOKUP(tbl_clean_sales[[#This Row],[Employee_ID]],'02_Employee_Master'!$A$1:$C$12,3,FALSE),"Department Name Missing") -> Sales | M60: =IF('03_Clean_data'!D60="","Missing",IFERROR(IF(VLOOKUP(D60,'03_Product_Master'!$A$1:$D$14,1,FALSE)='03_Clean_data'!D60,"Valid","Invalid"),"Invalid")) -> Valid | N60: =IFERROR(VLOOKUP(tbl_clean_sales[[#This Row],[Product_ID]],'03_Product_Master'!$A$1:$D$14,2,FALSE),"Missing") -> Laundry Liquid | O60: =IFERROR(VLOOKUP(tbl_clean_sales[[#This Row],[Product_ID]],'03_Product_Master'!$A$1:$D$14,3,FALSE),"Missing") -> Home Care | P60: =IFERROR(VLOOKUP(tbl_clean_sales[[#This Row],[Product_ID]],'03_Product_Master'!$A$1:$D$14,4,FALSE),"Missing") -> 340 | Q60: =IF('03_Clean_data'!E60="","Missing",IFERROR(IF(VLOOKUP(E60,'04_Branch_Master'!$A$1:$C$7,1,FALSE)='03_Clean_data'!E60,"Valid","Invalid"),"Invalid")) -> Valid | R60: =IFERROR(VLOOKUP(tbl_clean_sales[[#This Row],[Branch_ID]],'04_Branch_Master'!$A$1:$C$7,2,FALSE),"Missing") -> Avinashi Road | S60: =IFERROR(VLOOKUP(tbl_clean_sales[[#This Row],[Branch_ID]],'04_Branch_Master'!$A$1:$C$7,3,FALSE),"Missing") -> North | T60: =C60&"|"&TEXT(tbl_clean_sales[[#This Row],[Date]],"yyyymm") -> E003|202605 | U60: =IFERROR(INDEX('05_Target_Master'!$A$1:$F$32,MATCH(tbl_clean_sales[[#This Row],[target key]],'05_Target_Master'!$F$1:$F$32,0),3),"Missing") -> 126000
A61: 46203 | B61: INV100060 | C61: E007 | D61: P009 | E61: B004 | F61: 2 | G61: 691.54 | H61: =IF(COUNTIF(tbl_clean_sales[Invoice_ID],tbl_clean_sales[[#This Row],[Invoice_ID]])>1,"Duplicate","Unique") -> Unique | J61: =IF(tbl_clean_sales[[#This Row],[Employee_ID]]="","Missing",IFERROR(IF(VLOOKUP(tbl_clean_sales[[#This Row],[Employee_ID]],'02_Employee_Master'!$A$1:$C$12,1,FALSE)=tbl_clean_sales[[#This Row],[Employee_ID]],"Valid","Invalid"),"Invalid")) -> Valid | K61: =IFERROR(VLOOKUP(tbl_clean_sales[[#This Row],[Employee_ID]],'02_Employee_Master'!$A$1:$C$12,2,FALSE),"Employee Name Missing") -> Suresh B | L61: =IFERROR(VLOOKUP(tbl_clean_sales[[#This Row],[Employee_ID]],'02_Employee_Master'!$A$1:$C$12,3,FALSE),"Department Name Missing") -> Sales | M61: =IF('03_Clean_data'!D61="","Missing",IFERROR(IF(VLOOKUP(D61,'03_Product_Master'!$A$1:$D$14,1,FALSE)='03_Clean_data'!D61,"Valid","Invalid"),"Invalid")) -> Valid | N61: =IFERROR(VLOOKUP(tbl_clean_sales[[#This Row],[Product_ID]],'03_Product_Master'!$A$1:$D$14,2,FALSE),"Missing") -> Body Lotion | O61: =IFERROR(VLOOKUP(tbl_clean_sales[[#This Row],[Product_ID]],'03_Product_Master'!$A$1:$D$14,3,FALSE),"Missing") -> Personal Care | P61: =IFERROR(VLOOKUP(tbl_clean_sales[[#This Row],[Product_ID]],'03_Product_Master'!$A$1:$D$14,4,FALSE),"Missing") -> 390 | Q61: =IF('03_Clean_data'!E61="","Missing",IFERROR(IF(VLOOKUP(E61,'04_Branch_Master'!$A$1:$C$7,1,FALSE)='03_Clean_data'!E61,"Valid","Invalid"),"Invalid")) -> Valid | R61: =IFERROR(VLOOKUP(tbl_clean_sales[[#This Row],[Branch_ID]],'04_Branch_Master'!$A$1:$C$7,2,FALSE),"Missing") -> Kangeyam | S61: =IFERROR(VLOOKUP(tbl_clean_sales[[#This Row],[Branch_ID]],'04_Branch_Master'!$A$1:$C$7,3,FALSE),"Missing") -> East | T61: =C61&"|"&TEXT(tbl_clean_sales[[#This Row],[Date]],"yyyymm") -> E007|202606 | U61: =IFERROR(INDEX('05_Target_Master'!$A$1:$F$32,MATCH(tbl_clean_sales[[#This Row],[target key]],'05_Target_Master'!$F$1:$F$32,0),3),"Missing") -> 124400
A62: 46201 | B62: INV100061 | C62: E003 | D62: P009 | E62: B002 | F62: 6 | G62: 2176.43 | H62: =IF(COUNTIF(tbl_clean_sales[Invoice_ID],tbl_clean_sales[[#This Row],[Invoice_ID]])>1,"Duplicate","Unique") -> Unique | J62: =IF(tbl_clean_sales[[#This Row],[Employee_ID]]="","Missing",IFERROR(IF(VLOOKUP(tbl_clean_sales[[#This Row],[Employee_ID]],'02_Employee_Master'!$A$1:$C$12,1,FALSE)=tbl_clean_sales[[#This Row],[Employee_ID]],"Valid","Invalid"),"Invalid")) -> Valid | K62: =IFERROR(VLOOKUP(tbl_clean_sales[[#This Row],[Employee_ID]],'02_Employee_Master'!$A$1:$C$12,2,FALSE),"Employee Name Missing") -> Rahul M | L62: =IFERROR(VLOOKUP(tbl_clean_sales[[#This Row],[Employee_ID]],'02_Employee_Master'!$A$1:$C$12,3,FALSE),"Department Name Missing") -> Sales | M62: =IF('03_Clean_data'!D62="","Missing",IFERROR(IF(VLOOKUP(D62,'03_Product_Master'!$A$1:$D$14,1,FALSE)='03_Clean_data'!D62,"Valid","Invalid"),"Invalid")) -> Valid | N62: =IFERROR(VLOOKUP(tbl_clean_sales[[#This Row],[Product_ID]],'03_Product_Master'!$A$1:$D$14,2,FALSE),"Missing") -> Body Lotion | O62: =IFERROR(VLOOKUP(tbl_clean_sales[[#This Row],[Product_ID]],'03_Product_Master'!$A$1:$D$14,3,FALSE),"Missing") -> Personal Care | P62: =IFERROR(VLOOKUP(tbl_clean_sales[[#This Row],[Product_ID]],'03_Product_Master'!$A$1:$D$14,4,FALSE),"Missing") -> 390 | Q62: =IF('03_Clean_data'!E62="","Missing",IFERROR(IF(VLOOKUP(E62,'04_Branch_Master'!$A$1:$C$7,1,FALSE)='03_Clean_data'!E62,"Valid","Invalid"),"Invalid")) -> Valid | R62: =IFERROR(VLOOKUP(tbl_clean_sales[[#This Row],[Branch_ID]],'04_Branch_Master'!$A$1:$C$7,2,FALSE),"Missing") -> Avinashi Road | S62: =IFERROR(VLOOKUP(tbl_clean_sales[[#This Row],[Branch_ID]],'04_Branch_Master'!$A$1:$C$7,3,FALSE),"Missing") -> North | T62: =C62&"|"&TEXT(tbl_clean_sales[[#This Row],[Date]],"yyyymm") -> E003|202606 | U62: =IFERROR(INDEX('05_Target_Master'!$A$1:$F$32,MATCH(tbl_clean_sales[[#This Row],[target key]],'05_Target_Master'!$F$1:$F$32,0),3),"Missing") -> 112000
A63: 46131 | B63: INV100062 | C63: E007 | D63: P003 | E63: B004 | F63: 6 | G63: 1873.46 | H63: =IF(COUNTIF(tbl_clean_sales[Invoice_ID],tbl_clean_sales[[#This Row],[Invoice_ID]])>1,"Duplicate","Unique") -> Unique | J63: =IF(tbl_clean_sales[[#This Row],[Employee_ID]]="","Missing",IFERROR(IF(VLOOKUP(tbl_clean_sales[[#This Row],[Employee_ID]],'02_Employee_Master'!$A$1:$C$12,1,FALSE)=tbl_clean_sales[[#This Row],[Employee_ID]],"Valid","Invalid"),"Invalid")) -> Valid | K63: =IFERROR(VLOOKUP(tbl_clean_sales[[#This Row],[Employee_ID]],'02_Employee_Master'!$A$1:$C$12,2,FALSE),"Employee Name Missing") -> Suresh B | L63: =IFERROR(VLOOKUP(tbl_clean_sales[[#This Row],[Employee_ID]],'02_Employee_Master'!$A$1:$C$12,3,FALSE),"Department Name Missing") -> Sales | M63: =IF('03_Clean_data'!D63="","Missing",IFERROR(IF(VLOOKUP(D63,'03_Product_Master'!$A$1:$D$14,1,FALSE)='03_Clean_data'!D63,"Valid","Invalid"),"Invalid")) -> Valid | N63: =IFERROR(VLOOKUP(tbl_clean_sales[[#This Row],[Product_ID]],'03_Product_Master'!$A$1:$D$14,2,FALSE),"Missing") -> Instant Coffee | O63: =IFERROR(VLOOKUP(tbl_clean_sales[[#This Row],[Product_ID]],'03_Product_Master'!$A$1:$D$14,3,FALSE),"Missing") -> Beverages | P63: =IFERROR(VLOOKUP(tbl_clean_sales[[#This Row],[Product_ID]],'03_Product_Master'!$A$1:$D$14,4,FALSE),"Missing") -> 350 | Q63: =IF('03_Clean_data'!E63="","Missing",IFERROR(IF(VLOOKUP(E63,'04_Branch_Master'!$A$1:$C$7,1,FALSE)='03_Clean_data'!E63,"Valid","Invalid"),"Invalid")) -> Valid | R63: =IFERROR(VLOOKUP(tbl_clean_sales[[#This Row],[Branch_ID]],'04_Branch_Master'!$A$1:$C$7,2,FALSE),"Missing") -> Kangeyam | S63: =IFERROR(VLOOKUP(tbl_clean_sales[[#This Row],[Branch_ID]],'04_Branch_Master'!$A$1:$C$7,3,FALSE),"Missing") -> East | T63: =C63&"|"&TEXT(tbl_clean_sales[[#This Row],[Date]],"yyyymm") -> E007|202604 | U63: =IFERROR(INDEX('05_Target_Master'!$A$1:$F$32,MATCH(tbl_clean_sales[[#This Row],[target key]],'05_Target_Master'!$F$1:$F$32,0),3),"Missing") -> 129600
... A86: 46113 | B86: INV100085 | C86: E002 | D86: P007 | E86: B001 | F86: 12 | G86: 3488.78 | H86: =IF(COUNTIF(tbl_clean_sales[Invoice_ID],tbl_clean_sales[[#This Row],[Invoice_ID]])>1,"Duplicate","Unique") -> Unique | J86: =IF(tbl_clean_sales[[#This Row],[Employee_ID]]="","Missing",IFERROR(IF(VLOOKUP(tbl_clean_sales[[#This Row],[Employee_ID]],'02_Employee_Master'!$A$1:$C$12,1,FALSE)=tbl_clean_sales[[#This Row],[Employee_ID]],"Valid","Invalid"),"Invalid")) -> Valid | K86: =IFERROR(VLOOKUP(tbl_clean_sales[[#This Row],[Employee_ID]],'02_Employee_Master'!$A$1:$C$12,2,FALSE),"Employee Name Missing") -> Priya S | L86: =IFERROR(VLOOKUP(tbl_clean_sales[[#This Row],[Employee_ID]],'02_Employee_Master'!$A$1:$C$12,3,FALSE),"Department Name Missing") -> Sales | M86: =IF('03_Clean_data'!D86="","Missing",IFERROR(IF(VLOOKUP(D86,'03_Product_Master'!$A$1:$D$14,1,FALSE)='03_Clean_data'!D86,"Valid","Invalid"),"Invalid")) -> Valid | N86: =IFERROR(VLOOKUP(tbl_clean_sales[[#This Row],[Product_ID]],'03_Product_Master'!$A$1:$D$14,2,FALSE),"Missing") -> Shampoo | O86: =IFERROR(VLOOKUP(tbl_clean_sales[[#This Row],[Product_ID]],'03_Product_Master'!$A$1:$D$14,3,FALSE),"Missing") -> Personal Care | P86: =IFERROR(VLOOKUP(tbl_clean_sales[[#This Row],[Product_ID]],'03_Product_Master'!$A$1:$D$14,4,FALSE),"Missing") -> 310 | Q86: =IF('03_Clean_data'!E86="","Missing",IFERROR(IF(VLOOKUP(E86,'04_Branch_Master'!$A$1:$C$7,1,FALSE)='03_Clean_data'!E86,"Valid","Invalid"),"Invalid")) -> Valid | R86: =IFERROR(VLOOKUP(tbl_clean_sales[[#This Row],[Branch_ID]],'04_Branch_Master'!$A$1:$C$7,2,FALSE),"Missing") -> Tirupur Central | S86: =IFERROR(VLOOKUP(tbl_clean_sales[[#This Row],[Branch_ID]],'04_Branch_Master'!$A$1:$C$7,3,FALSE),"Missing") -> North | T86: =C86&"|"&TEXT(tbl_clean_sales[[#This Row],[Date]],"yyyymm") -> E002|202604 | U86: =IFERROR(INDEX('05_Target_Master'!$A$1:$F$32,MATCH(tbl_clean_sales[[#This Row],[target key]],'05_Target_Master'!$F$1:$F$32,0),3),"Missing") -> 122300
A87: 46119 | B87: INV100086 | D87: P004 | E87: B001 | F87: 8 | G87: 1259.52 | H87: =IF(COUNTIF(tbl_clean_sales[Invoice_ID],tbl_clean_sales[[#This Row],[Invoice_ID]])>1,"Duplicate","Unique") -> Unique | J87: =IF(tbl_clean_sales[[#This Row],[Employee_ID]]="","Missing",IFERROR(IF(VLOOKUP(tbl_clean_sales[[#This Row],[Employee_ID]],'02_Employee_Master'!$A$1:$C$12,1,FALSE)=tbl_clean_sales[[#This Row],[Employee_ID]],"Valid","Invalid"),"Invalid")) -> Missing | K87: =IFERROR(VLOOKUP(tbl_clean_sales[[#This Row],[Employee_ID]],'02_Employee_Master'!$A$1:$C$12,2,FALSE),"Employee Name Missing") -> Employee Name Missing | L87: =IFERROR(VLOOKUP(tbl_clean_sales[[#This Row],[Employee_ID]],'02_Employee_Master'!$A$1:$C$12,3,FALSE),"Department Name Missing") -> Department Name Missing | M87: =IF('03_Clean_data'!D87="","Missing",IFERROR(IF(VLOOKUP(D87,'03_Product_Master'!$A$1:$D$14,1,FALSE)='03_Clean_data'!D87,"Valid","Invalid"),"Invalid")) -> Valid | N87: =IFERROR(VLOOKUP(tbl_clean_sales[[#This Row],[Product_ID]],'03_Product_Master'!$A$1:$D$14,2,FALSE),"Missing") -> Cookies Pack | O87: =IFERROR(VLOOKUP(tbl_clean_sales[[#This Row],[Product_ID]],'03_Product_Master'!$A$1:$D$14,3,FALSE),"Missing") -> Snacks | P87: =IFERROR(VLOOKUP(tbl_clean_sales[[#This Row],[Product_ID]],'03_Product_Master'!$A$1:$D$14,4,FALSE),"Missing") -> 160 | Q87: =IF('03_Clean_data'!E87="","Missing",IFERROR(IF(VLOOKUP(E87,'04_Branch_Master'!$A$1:$C$7,1,FALSE)='03_Clean_data'!E87,"Valid","Invalid"),"Invalid")) -> Valid | R87: =IFERROR(VLOOKUP(tbl_clean_sales[[#This Row],[Branch_ID]],'04_Branch_Master'!$A$1:$C$7,2,FALSE),"Missing") -> Tirupur Central | S87: =IFERROR(VLOOKUP(tbl_clean_sales[[#This Row],[Branch_ID]],'04_Branch_Master'!$A$1:$C$7,3,FALSE),"Missing") -> North | T87: =C87&"|"&TEXT(tbl_clean_sales[[#This Row],[Date]],"yyyymm") -> |202604 | U87: =IFERROR(INDEX('05_Target_Master'!$A$1:$F$32,MATCH(tbl_clean_sales[[#This Row],[target key]],'05_Target_Master'!$F$1:$F$32,0),3),"Missing") -> Missing
A88: 46172 | B88: INV100087 | C88: E009 | D88: P009 | E88: B005 | F88: 8 | G88: 2890.62 | H88: =IF(COUNTIF(tbl_clean_sales[Invoice_ID],tbl_clean_sales[[#This Row],[Invoice_ID]])>1,"Duplicate","Unique") -> Unique | J88: =IF(tbl_clean_sales[[#This Row],[Employee_ID]]="","Missing",IFERROR(IF(VLOOKUP(tbl_clean_sales[[#This Row],[Employee_ID]],'02_Employee_Master'!$A$1:$C$12,1,FALSE)=tbl_clean_sales[[#This Row],[Employee_ID]],"Valid","Invalid"),"Invalid")) -> Valid | K88: =IFERROR(VLOOKUP(tbl_clean_sales[[#This Row],[Employee_ID]],'02_Employee_Master'!$A$1:$C$12,2,FALSE),"Employee Name Missing") -> Vignesh R | L88: =IFERROR(VLOOKUP(tbl_clean_sales[[#This Row],[Employee_ID]],'02_Employee_Master'!$A$1:$C$12,3,FALSE),"Department Name Missing") -> Sales | M88: =IF('03_Clean_data'!D88="","Missing",IFERROR(IF(VLOOKUP(D88,'03_Product_Master'!$A$1:$D$14,1,FALSE)='03_Clean_data'!D88,"Valid","Invalid"),"Invalid")) -> Valid | N88: =IFERROR(VLOOKUP(tbl_clean_sales[[#This Row],[Product_ID]],'03_Product_Master'!$A$1:$D$14,2,FALSE),"Missing") -> Body Lotion | O88: =IFERROR(VLOOKUP(tbl_clean_sales[[#This Row],[Product_ID]],'03_Product_Master'!$A$1:$D$14,3,FALSE),"Missing") -> Personal Care | P88: =IFERROR(VLOOKUP(tbl_clean_sales[[#This Row],[Product_ID]],'03_Product_Master'!$A$1:$D$14,4,FALSE),"Missing") -> 390 | Q88: =IF('03_Clean_data'!E88="","Missing",IFERROR(IF(VLOOKUP(E88,'04_Branch_Master'!$A$1:$C$7,1,FALSE)='03_Clean_data'!E88,"Valid","Invalid"),"Invalid")) -> Valid | R88: =IFERROR(VLOOKUP(tbl_clean_sales[[#This Row],[Branch_ID]],'04_Branch_Master'!$A$1:$C$7,2,FALSE),"Missing") -> Dharapuram | S88: =IFERROR(VLOOKUP(tbl_clean_sales[[#This Row],[Branch_ID]],'04_Branch_Master'!$A$1:$C$7,3,FALSE),"Missing") -> South | T88: =C88&"|"&TEXT(tbl_clean_sales[[#This Row],[Date]],"yyyymm") -> E009|202605 | U88: =IFERROR(INDEX('05_Target_Master'!$A$1:$F$32,MATCH(tbl_clean_sales[[#This Row],[target key]],'05_Target_Master'!$F$1:$F$32,0),3),"Missing") -> 176300
A89: 46177 | B89: INV100088 | C89: E007 | D89: P009 | E89: B004 | F89: 3 | G89: 1065.59 | H89: =IF(COUNTIF(tbl_clean_sales[Invoice_ID],tbl_clean_sales[[#This Row],[Invoice_ID]])>1,"Duplicate","Unique") -> Unique | J89: =IF(tbl_clean_sales[[#This Row],[Employee_ID]]="","Missing",IFERROR(IF(VLOOKUP(tbl_clean_sales[[#This Row],[Employee_ID]],'02_Employee_Master'!$A$1:$C$12,1,FALSE)=tbl_clean_sales[[#This Row],[Employee_ID]],"Valid","Invalid"),"Invalid")) -> Valid | K89: =IFERROR(VLOOKUP(tbl_clean_sales[[#This Row],[Employee_ID]],'02_Employee_Master'!$A$1:$C$12,2,FALSE),"Employee Name Missing") -> Suresh B | L89: =IFERROR(VLOOKUP(tbl_clean_sales[[#This Row],[Employee_ID]],'02_Employee_Master'!$A$1:$C$12,3,FALSE),"Department Name Missing") -> Sales | M89: =IF('03_Clean_data'!D89="","Missing",IFERROR(IF(VLOOKUP(D89,'03_Product_Master'!$A$1:$D$14,1,FALSE)='03_Clean_data'!D89,"Valid","Invalid"),"Invalid")) -> Valid | N89: =IFERROR(VLOOKUP(tbl_clean_sales[[#This Row],[Product_ID]],'03_Product_Master'!$A$1:$D$14,2,FALSE),"Missing") -> Body Lotion | O89: =IFERROR(VLOOKUP(tbl_clean_sales[[#This Row],[Product_ID]],'03_Product_Master'!$A$1:$D$14,3,FALSE),"Missing") -> Personal Care | P89: =IFERROR(VLOOKUP(tbl_clean_sales[[#This Row],[Product_ID]],'03_Product_Master'!$A$1:$D$14,4,FALSE),"Missing") -> 390 | Q89: =IF('03_Clean_data'!E89="","Missing",IFERROR(IF(VLOOKUP(E89,'04_Branch_Master'!$A$1:$C$7,1,FALSE)='03_Clean_data'!E89,"Valid","Invalid"),"Invalid")) -> Valid | R89: =IFERROR(VLOOKUP(tbl_clean_sales[[#This Row],[Branch_ID]],'04_Branch_Master'!$A$1:$C$7,2,FALSE),"Missing") -> Kangeyam | S89: =IFERROR(VLOOKUP(tbl_clean_sales[[#This Row],[Branch_ID]],'04_Branch_Master'!$A$1:$C$7,3,FALSE),"Missing") -> East | T89: =C89&"|"&TEXT(tbl_clean_sales[[#This Row],[Date]],"yyyymm") -> E007|202606 | U89: =IFERROR(INDEX('05_Target_Master'!$A$1:$F$32,MATCH(tbl_clean_sales[[#This Row],[target key]],'05_Target_Master'!$F$1:$F$32,0),3),"Missing") -> 124400
A90: 46173 | B90: INV100089 | C90: E008 | D90: P005 | E90: B004 | F90: 11 | G90: 1276.07 | H90: =IF(COUNTIF(tbl_clean_sales[Invoice_ID],tbl_clean_sales[[#This Row],[Invoice_ID]])>1,"Duplicate","Unique") -> Unique | J90: =IF(tbl_clean_sales[[#This Row],[Employee_ID]]="","Missing",IFERROR(IF(VLOOKUP(tbl_clean_sales[[#This Row],[Employee_ID]],'02_Employee_Master'!$A$1:$C$12,1,FALSE)=tbl_clean_sales[[#This Row],[Employee_ID]],"Valid","Invalid"),"Invalid")) -> Valid | K90: =IFERROR(VLOOKUP(tbl_clean_sales[[#This Row],[Employee_ID]],'02_Employee_Master'!$A$1:$C$12,2,FALSE),"Employee Name Missing") -> Nandhini K | L90: =IFERROR(VLOOKUP(tbl_clean_sales[[#This Row],[Employee_ID]],'02_Employee_Master'!$A$1:$C$12,3,FALSE),"Department Name Missing") -> Sales | M90: =IF('03_Clean_data'!D90="","Missing",IFERROR(IF(VLOOKUP(D90,'03_Product_Master'!$A$1:$D$14,1,FALSE)='03_Clean_data'!D90,"Valid","Invalid"),"Invalid")) -> Valid | N90: =IFERROR(VLOOKUP(tbl_clean_sales[[#This Row],[Product_ID]],'03_Product_Master'!$A$1:$D$14,2,FALSE),"Missing") -> Chocolate Bar | O90: =IFERROR(VLOOKUP(tbl_clean_sales[[#This Row],[Product_ID]],'03_Product_Master'!$A$1:$D$14,3,FALSE),"Missing") -> Snacks | P90: =IFERROR(VLOOKUP(tbl_clean_sales[[#This Row],[Product_ID]],'03_Product_Master'!$A$1:$D$14,4,FALSE),"Missing") -> 120 | Q90: =IF('03_Clean_data'!E90="","Missing",IFERROR(IF(VLOOKUP(E90,'04_Branch_Master'!$A$1:$C$7,1,FALSE)='03_Clean_data'!E90,"Valid","Invalid"),"Invalid")) -> Valid | R90: =IFERROR(VLOOKUP(tbl_clean_sales[[#This Row],[Branch_ID]],'04_Branch_Master'!$A$1:$C$7,2,FALSE),"Missing") -> Kangeyam | S90: =IFERROR(VLOOKUP(tbl_clean_sales[[#This Row],[Branch_ID]],'04_Branch_Master'!$A$1:$C$7,3,FALSE),"Missing") -> East | T90: =C90&"|"&TEXT(tbl_clean_sales[[#This Row],[Date]],"yyyymm") -> E008|202605 | U90: =IFERROR(INDEX('05_Target_Master'!$A$1:$F$32,MATCH(tbl_clean_sales[[#This Row],[target key]],'05_Target_Master'!$F$1:$F$32,0),3),"Missing") -> 134100
A91: 46179 | B91: INV100090 | C91: E008 | D91: P011 | E91: B004 | F91: 8 | G91: 2694.71 | H91: =IF(COUNTIF(tbl_clean_sales[Invoice_ID],tbl_clean_sales[[#This Row],[Invoice_ID]])>1,"Duplicate","Unique") -> Unique | J91: =IF(tbl_clean_sales[[#This Row],[Employee_ID]]="","Missing",IFERROR(IF(VLOOKUP(tbl_clean_sales[[#This Row],[Employee_ID]],'02_Employee_Master'!$A$1:$C$12,1,FALSE)=tbl_clean_sales[[#This Row],[Employee_ID]],"Valid","Invalid"),"Invalid")) -> Valid | K91: =IFERROR(VLOOKUP(tbl_clean_sales[[#This Row],[Employee_ID]],'02_Employee_Master'!$A$1:$C$12,2,FALSE),"Employee Name Missing") -> Nandhini K | L91: =IFERROR(VLOOKUP(tbl_clean_sales[[#This Row],[Employee_ID]],'02_Employee_Master'!$A$1:$C$12,3,FALSE),"Department Name Missing") -> Sales | M91: =IF('03_Clean_data'!D91="","Missing",IFERROR(IF(VLOOKUP(D91,'03_Product_Master'!$A$1:$D$14,1,FALSE)='03_Clean_data'!D91,"Valid","Invalid"),"Invalid")) -> Valid | N91: =IFERROR(VLOOKUP(tbl_clean_sales[[#This Row],[Product_ID]],'03_Product_Master'!$A$1:$D$14,2,FALSE),"Missing") -> Laundry Liquid | O91: =IFERROR(VLOOKUP(tbl_clean_sales[[#This Row],[Product_ID]],'03_Product_Master'!$A$1:$D$14,3,FALSE),"Missing") -> Home Care | P91: =IFERROR(VLOOKUP(tbl_clean_sales[[#This Row],[Product_ID]],'03_Product_Master'!$A$1:$D$14,4,FALSE),"Missing") -> 340 | Q91: =IF('03_Clean_data'!E91="","Missing",IFERROR(IF(VLOOKUP(E91,'04_Branch_Master'!$A$1:$C$7,1,FALSE)='03_Clean_data'!E91,"Valid","Invalid"),"Invalid")) -> Valid | R91: =IFERROR(VLOOKUP(tbl_clean_sales[[#This Row],[Branch_ID]],'04_Branch_Master'!$A$1:$C$7,2,FALSE),"Missing") -> Kangeyam | S91: =IFERROR(VLOOKUP(tbl_clean_sales[[#This Row],[Branch_ID]],'04_Branch_Master'!$A$1:$C$7,3,FALSE),"Missing") -> East | T91: =C91&"|"&TEXT(tbl_clean_sales[[#This Row],[Date]],"yyyymm") -> E008|202606 | U91: =IFERROR(INDEX('05_Target_Master'!$A$1:$F$32,MATCH(tbl_clean_sales[[#This Row],[target key]],'05_Target_Master'!$F$1:$F$32,0),3),"Missing") -> 119200
A92: 46149 | B92: INV100091 | C92: E004 | D92: P005 | E92: B002 | F92: 9 | G92: 1069.56 | H92: =IF(COUNTIF(tbl_clean_sales[Invoice_ID],tbl_clean_sales[[#This Row],[Invoice_ID]])>1,"Duplicate","Unique") -> Unique | J92: =IF(tbl_clean_sales[[#This Row],[Employee_ID]]="","Missing",IFERROR(IF(VLOOKUP(tbl_clean_sales[[#This Row],[Employee_ID]],'02_Employee_Master'!$A$1:$C$12,1,FALSE)=tbl_clean_sales[[#This Row],[Employee_ID]],"Valid","Invalid"),"Invalid")) -> Valid | K92: =IFERROR(VLOOKUP(tbl_clean_sales[[#This Row],[Employee_ID]],'02_Employee_Master'!$A$1:$C$12,2,FALSE),"Employee Name Missing") -> Divya R | L92: =IFERROR(VLOOKUP(tbl_clean_sales[[#This Row],[Employee_ID]],'02_Employee_Master'!$A$1:$C$12,3,FALSE),"Department Name Missing") -> Sales | M92: =IF('03_Clean_data'!D92="","Missing",IFERROR(IF(VLOOKUP(D92,'03_Product_Master'!$A$1:$D$14,1,FALSE)='03_Clean_data'!D92,"Valid","Invalid"),"Invalid")) -> Valid | N92: =IFERROR(VLOOKUP(tbl_clean_sales[[#This Row],[Product_ID]],'03_Product_Master'!$A$1:$D$14,2,FALSE),"Missing") -> Chocolate Bar | O92: =IFERROR(VLOOKUP(tbl_clean_sales[[#This Row],[Product_ID]],'03_Product_Master'!$A$1:$D$14,3,FALSE),"Missing") -> Snacks | P92: =IFERROR(VLOOKUP(tbl_clean_sales[[#This Row],[Product_ID]],'03_Product_Master'!$A$1:$D$14,4,FALSE),"Missing") -> 120 | Q92: =IF('03_Clean_data'!E92="","Missing",IFERROR(IF(VLOOKUP(E92,'04_Branch_Master'!$A$1:$C$7,1,FALSE)='03_Clean_data'!E92,"Valid","Invalid"),"Invalid")) -> Valid | R92: =IFERROR(VLOOKUP(tbl_clean_sales[[#This Row],[Branch_ID]],'04_Branch_Master'!$A$1:$C$7,2,FALSE),"Missing") -> Avinashi Road | S92: =IFERROR(VLOOKUP(tbl_clean_sales[[#This Row],[Branch_ID]],'04_Branch_Master'!$A$1:$C$7,3,FALSE),"Missing") -> North | T92: =C92&"|"&TEXT(tbl_clean_sales[[#This Row],[Date]],"yyyymm") -> E004|202605 | U92: =IFERROR(INDEX('05_Target_Master'!$A$1:$F$32,MATCH(tbl_clean_sales[[#This Row],[target key]],'05_Target_Master'!$F$1:$F$32,0),3),"Missing") -> 176700
A93: 46132 | B93: INV100092 | C93: E004 | D93: P007 | E93: B002 | F93: 12 | G93: 3624.49 | H93: =IF(COUNTIF(tbl_clean_sales[Invoice_ID],tbl_clean_sales[[#This Row],[Invoice_ID]])>1,"Duplicate","Unique") -> Unique | J93: =IF(tbl_clean_sales[[#This Row],[Employee_ID]]="","Missing",IFERROR(IF(VLOOKUP(tbl_clean_sales[[#This Row],[Employee_ID]],'02_Employee_Master'!$A$1:$C$12,1,FALSE)=tbl_clean_sales[[#This Row],[Employee_ID]],"Valid","Invalid"),"Invalid")) -> Valid | K93: =IFERROR(VLOOKUP(tbl_clean_sales[[#This Row],[Employee_ID]],'02_Employee_Master'!$A$1:$C$12,2,FALSE),"Employee Name Missing") -> Divya R | L93: =IFERROR(VLOOKUP(tbl_clean_sales[[#This Row],[Employee_ID]],'02_Employee_Master'!$A$1:$C$12,3,FALSE),"Department Name Missing") -> Sales | M93: =IF('03_Clean_data'!D93="","Missing",IFERROR(IF(VLOOKUP(D93,'03_Product_Master'!$A$1:$D$14,1,FALSE)='03_Clean_data'!D93,"Valid","Invalid"),"Invalid")) -> Valid | N93: =IFERROR(VLOOKUP(tbl_clean_sales[[#This Row],[Product_ID]],'03_Product_Master'!$A$1:$D$14,2,FALSE),"Missing") -> Shampoo | O93: =IFERROR(VLOOKUP(tbl_clean_sales[[#This Row],[Product_ID]],'03_Product_Master'!$A$1:$D$14,3,FALSE),"Missing") -> Personal Care | P93: =IFERROR(VLOOKUP(tbl_clean_sales[[#This Row],[Product_ID]],'03_Product_Master'!$A$1:$D$14,4,FALSE),"Missing") -> 310 | Q93: =IF('03_Clean_data'!E93="","Missing",IFERROR(IF(VLOOKUP(E93,'04_Branch_Master'!$A$1:$C$7,1,FALSE)='03_Clean_data'!E93,"Valid","Invalid"),"Invalid")) -> Valid | R93: =IFERROR(VLOOKUP(tbl_clean_sales[[#This Row],[Branch_ID]],'04_Branch_Master'!$A$1:$C$7,2,FALSE),"Missing") -> Avinashi Road | S93: =IFERROR(VLOOKUP(tbl_clean_sales[[#This Row],[Branch_ID]],'04_Branch_Master'!$A$1:$C$7,3,FALSE),"Missing") -> North | T93: =C93&"|"&TEXT(tbl_clean_sales[[#This Row],[Date]],"yyyymm") -> E004|202604 | U93: =IFERROR(INDEX('05_Target_Master'!$A$1:$F$32,MATCH(tbl_clean_sales[[#This Row],[target key]],'05_Target_Master'!$F$1:$F$32,0),3),"Missing") -> 163600
A94: 46166 | B94: INV100093 | C94: E007 | D94: P006 | E94: B004 | F94: 7 | G94: 764.25 | H94: =IF(COUNTIF(tbl_clean_sales[Invoice_ID],tbl_clean_sales[[#This Row],[Invoice_ID]])>1,"Duplicate","Unique") -> Unique | J94: =IF(tbl_clean_sales[[#This Row],[Employee_ID]]="","Missing",IFERROR(IF(VLOOKUP(tbl_clean_sales[[#This Row],[Employee_ID]],'02_Employee_Master'!$A$1:$C$12,1,FALSE)=tbl_clean_sales[[#This Row],[Employee_ID]],"Valid","Invalid"),"Invalid")) -> Valid | K94: =IFERROR(VLOOKUP(tbl_clean_sales[[#This Row],[Employee_ID]],'02_Employee_Master'!$A$1:$C$12,2,FALSE),"Employee Name Missing") -> Suresh B | L94: =IFERROR(VLOOKUP(tbl_clean_sales[[#This Row],[Employee_ID]],'02_Employee_Master'!$A$1:$C$12,3,FALSE),"Department Name Missing") -> Sales | M94: =IF('03_Clean_data'!D94="","Missing",IFERROR(IF(VLOOKUP(D94,'03_Product_Master'!$A$1:$D$14,1,FALSE)='03_Clean_data'!D94,"Valid","Invalid"),"Invalid")) -> Valid | N94: =IFERROR(VLOOKUP(tbl_clean_sales[[#This Row],[Product_ID]],'03_Product_Master'!$A$1:$D$14,2,FALSE),"Missing") -> Potato Chips | O94: =IFERROR(VLOOKUP(tbl_clean_sales[[#This Row],[Product_ID]],'03_Product_Master'!$A$1:$D$14,3,FALSE),"Missing") -> Snacks | P94: =IFERROR(VLOOKUP(tbl_clean_sales[[#This Row],[Product_ID]],'03_Product_Master'!$A$1:$D$14,4,FALSE),"Missing") -> 110 | Q94: =IF('03_Clean_data'!E94="","Missing",IFERROR(IF(VLOOKUP(E94,'04_Branch_Master'!$A$1:$C$7,1,FALSE)='03_Clean_data'!E94,"Valid","Invalid"),"Invalid")) -> Valid | R94: =IFERROR(VLOOKUP(tbl_clean_sales[[#This Row],[Branch_ID]],'04_Branch_Master'!$A$1:$C$7,2,FALSE),"Missing") -> Kangeyam | S94: =IFERROR(VLOOKUP(tbl_clean_sales[[#This Row],[Branch_ID]],'04_Branch_Master'!$A$1:$C$7,3,FALSE),"Missing") -> East | T94: =C94&"|"&TEXT(tbl_clean_sales[[#This Row],[Date]],"yyyymm") -> E007|202605 | U94: =IFERROR(INDEX('05_Target_Master'!$A$1:$F$32,MATCH(tbl_clean_sales[[#This Row],[target key]],'05_Target_Master'!$F$1:$F$32,0),3),"Missing") -> 140000
A95: 46166 | B95: INV100094 | C95: E007 | D95: P010 | E95: B001 | F95: 10 | G95: 1813.27 | H95: =IF(COUNTIF(tbl_clean_sales[Invoice_ID],tbl_clean_sales[[#This Row],[Invoice_ID]])>1,"Duplicate","Unique") -> Unique | J95: =IF(tbl_clean_sales[[#This Row],[Employee_ID]]="","Missing",IFERROR(IF(VLOOKUP(tbl_clean_sales[[#This Row],[Employee_ID]],'02_Employee_Master'!$A$1:$C$12,1,FALSE)=tbl_clean_sales[[#This Row],[Employee_ID]],"Valid","Invalid"),"Invalid")) -> Valid | K95: =IFERROR(VLOOKUP(tbl_clean_sales[[#This Row],[Employee_ID]],'02_Employee_Master'!$A$1:$C$12,2,FALSE),"Employee Name Missing") -> Suresh B | L95: =IFERROR(VLOOKUP(tbl_clean_sales[[#This Row],[Employee_ID]],'02_Employee_Master'!$A$1:$C$12,3,FALSE),"Department Name Missing") -> Sales | M95: =IF('03_Clean_data'!D95="","Missing",IFERROR(IF(VLOOKUP(D95,'03_Product_Master'!$A$1:$D$14,1,FALSE)='03_Clean_data'!D95,"Valid","Invalid"),"Invalid")) -> Valid | N95: =IFERROR(VLOOKUP(tbl_clean_sales[[#This Row],[Product_ID]],'03_Product_Master'!$A$1:$D$14,2,FALSE),"Missing") -> Dish Wash | O95: =IFERROR(VLOOKUP(tbl_clean_sales[[#This Row],[Product_ID]],'03_Product_Master'!$A$1:$D$14,3,FALSE),"Missing") -> Home Care | P95: =IFERROR(VLOOKUP(tbl_clean_sales[[#This Row],[Product_ID]],'03_Product_Master'!$A$1:$D$14,4,FALSE),"Missing") -> 190 | Q95: =IF('03_Clean_data'!E95="","Missing",IFERROR(IF(VLOOKUP(E95,'04_Branch_Master'!$A$1:$C$7,1,FALSE)='03_Clean_data'!E95,"Valid","Invalid"),"Invalid")) -> Valid | R95: =IFERROR(VLOOKUP(tbl_clean_sales[[#This Row],[Branch_ID]],'04_Branch_Master'!$A$1:$C$7,2,FALSE),"Missing") -> Tirupur Central | S95: =IFERROR(VLOOKUP(tbl_clean_sales[[#This Row],[Branch_ID]],'04_Branch_Master'!$A$1:$C$7,3,FALSE),"Missing") -> North | T95: =C95&"|"&TEXT(tbl_clean_sales[[#This Row],[Date]],"yyyymm") -> E007|202605 | U95: =IFERROR(INDEX('05_Target_Master'!$A$1:$F$32,MATCH(tbl_clean_sales[[#This Row],[target key]],'05_Target_Master'!$F$1:$F$32,0),3),"Missing") -> 140000
A96: 46113 | B96: INV100095 | C96: E006 | D96: P005 | E96: B003 | F96: 7 | G96: 785.75 | H96: =IF(COUNTIF(tbl_clean_sales[Invoice_ID],tbl_clean_sales[[#This Row],[Invoice_ID]])>1,"Duplicate","Unique") -> Unique | J96: =IF(tbl_clean_sales[[#This Row],[Employee_ID]]="","Missing",IFERROR(IF(VLOOKUP(tbl_clean_sales[[#This Row],[Employee_ID]],'02_Employee_Master'!$A$1:$C$12,1,FALSE)=tbl_clean_sales[[#This Row],[Employee_ID]],"Valid","Invalid"),"Invalid")) -> Valid | K96: =IFERROR(VLOOKUP(tbl_clean_sales[[#This Row],[Employee_ID]],'02_Employee_Master'!$A$1:$C$12,2,FALSE),"Employee Name Missing") -> Meena V | L96: =IFERROR(VLOOKUP(tbl_clean_sales[[#This Row],[Employee_ID]],'02_Employee_Master'!$A$1:$C$12,3,FALSE),"Department Name Missing") -> Sales | M96: =IF('03_Clean_data'!D96="","Missing",IFERROR(IF(VLOOKUP(D96,'03_Product_Master'!$A$1:$D$14,1,FALSE)='03_Clean_data'!D96,"Valid","Invalid"),"Invalid")) -> Valid | N96: =IFERROR(VLOOKUP(tbl_clean_sales[[#This Row],[Product_ID]],'03_Product_Master'!$A$1:$D$14,2,FALSE),"Missing") -> Chocolate Bar | O96: =IFERROR(VLOOKUP(tbl_clean_sales[[#This Row],[Product_ID]],'03_Product_Master'!$A$1:$D$14,3,FALSE),"Missing") -> Snacks | P96: =IFERROR(VLOOKUP(tbl_clean_sales[[#This Row],[Product_ID]],'03_Product_Master'!$A$1:$D$14,4,FALSE),"Missing") -> 120 | Q96: =IF('03_Clean_data'!E96="","Missing",IFERROR(IF(VLOOKUP(E96,'04_Branch_Master'!$A$1:$C$7,1,FALSE)='03_Clean_data'!E96,"Valid","Invalid"),"Invalid")) -> Valid | R96: =IFERROR(VLOOKUP(tbl_clean_sales[[#This Row],[Branch_ID]],'04_Branch_Master'!$A$1:$C$7,2,FALSE),"Missing") -> Palladam | S96: =IFERROR(VLOOKUP(tbl_clean_sales[[#This Row],[Branch_ID]],'04_Branch_Master'!$A$1:$C$7,3,FALSE),"Missing") -> South | T96: =C96&"|"&TEXT(tbl_clean_sales[[#This Row],[Date]],"yyyymm") -> E006|202604 | U96: =IFERROR(INDEX('05_Target_Master'!$A$1:$F$32,MATCH(tbl_clean_sales[[#This Row],[target key]],'05_Target_Master'!$F$1:$F$32,0),3),"Missing") -> 131000
A97: 46182 | B97: INV100096 | C97: E010 | D97: P004 | E97: B005 | F97: 5 | G97: 758.16 | H97: =IF(COUNTIF(tbl_clean_sales[Invoice_ID],tbl_clean_sales[[#This Row],[Invoice_ID]])>1,"Duplicate","Unique") -> Unique | J97: =IF(tbl_clean_sales[[#This Row],[Employee_ID]]="","Missing",IFERROR(IF(VLOOKUP(tbl_clean_sales[[#This Row],[Employee_ID]],'02_Employee_Master'!$A$1:$C$12,1,FALSE)=tbl_clean_sales[[#This Row],[Employee_ID]],"Valid","Invalid"),"Invalid")) -> Valid | K97: =IFERROR(VLOOKUP(tbl_clean_sales[[#This Row],[Employee_ID]],'02_Employee_Master'!$A$1:$C$12,2,FALSE),"Employee Name Missing") -> Swetha L | L97: =IFERROR(VLOOKUP(tbl_clean_sales[[#This Row],[Employee_ID]],'02_Employee_Master'!$A$1:$C$12,3,FALSE),"Department Name Missing") -> Sales | M97: =IF('03_Clean_data'!D97="","Missing",IFERROR(IF(VLOOKUP(D97,'03_Product_Master'!$A$1:$D$14,1,FALSE)='03_Clean_data'!D97,"Valid","Invalid"),"Invalid")) -> Valid | N97: =IFERROR(VLOOKUP(tbl_clean_sales[[#This Row],[Product_ID]],'03_Product_Master'!$A$1:$D$14,2,FALSE),"Missing") -> Cookies Pack | O97: =IFERROR(VLOOKUP(tbl_clean_sales[[#This Row],[Product_ID]],'03_Product_Master'!$A$1:$D$14,3,FALSE),"Missing") -> Snacks | P97: =IFERROR(VLOOKUP(tbl_clean_sales[[#This Row],[Product_ID]],'03_Product_Master'!$A$1:$D$14,4,FALSE),"Missing") -> 160 | Q97: =IF('03_Clean_data'!E97="","Missing",IFERROR(IF(VLOOKUP(E97,'04_Branch_Master'!$A$1:$C$7,1,FALSE)='03_Clean_data'!E97,"Valid","Invalid"),"Invalid")) -> Valid | R97: =IFERROR(VLOOKUP(tbl_clean_sales[[#This Row],[Branch_ID]],'04_Branch_Master'!$A$1:$C$7,2,FALSE),"Missing") -> Dharapuram | S97: =IFERROR(VLOOKUP(tbl_clean_sales[[#This Row],[Branch_ID]],'04_Branch_Master'!$A$1:$C$7,3,FALSE),"Missing") -> South | T97: =C97&"|"&TEXT(tbl_clean_sales[[#This Row],[Date]],"yyyymm") -> E010|202606 | U97: =IFERROR(INDEX('05_Target_Master'!$A$1:$F$32,MATCH(tbl_clean_sales[[#This Row],[target key]],'05_Target_Master'!$F$1:$F$32,0),3),"Missing") -> 116800
A98: 46116 | B98: INV100097 | C98: E007 | D98: P006 | E98: B004 | F98: 7 | G98: 703.09 | H98: =IF(COUNTIF(tbl_clean_sales[Invoice_ID],tbl_clean_sales[[#This Row],[Invoice_ID]])>1,"Duplicate","Unique") -> Unique | J98: =IF(tbl_clean_sales[[#This Row],[Employee_ID]]="","Missing",IFERROR(IF(VLOOKUP(tbl_clean_sales[[#This Row],[Employee_ID]],'02_Employee_Master'!$A$1:$C$12,1,FALSE)=tbl_clean_sales[[#This Row],[Employee_ID]],"Valid","Invalid"),"Invalid")) -> Valid | K98: =IFERROR(VLOOKUP(tbl_clean_sales[[#This Row],[Employee_ID]],'02_Employee_Master'!$A$1:$C$12,2,FALSE),"Employee Name Missing") -> Suresh B | L98: =IFERROR(VLOOKUP(tbl_clean_sales[[#This Row],[Employee_ID]],'02_Employee_Master'!$A$1:$C$12,3,FALSE),"Department Name Missing") -> Sales | M98: =IF('03_Clean_data'!D98="","Missing",IFERROR(IF(VLOOKUP(D98,'03_Product_Master'!$A$1:$D$14,1,FALSE)='03_Clean_data'!D98,"Valid","Invalid"),"Invalid")) -> Valid | N98: =IFERROR(VLOOKUP(tbl_clean_sales[[#This Row],[Product_ID]],'03_Product_Master'!$A$1:$D$14,2,FALSE),"Missing") -> Potato Chips | O98: =IFERROR(VLOOKUP(tbl_clean_sales[[#This Row],[Product_ID]],'03_Product_Master'!$A$1:$D$14,3,FALSE),"Missing") -> Snacks | P98: =IFERROR(VLOOKUP(tbl_clean_sales[[#This Row],[Product_ID]],'03_Product_Master'!$A$1:$D$14,4,FALSE),"Missing") -> 110 | Q98: =IF('03_Clean_data'!E98="","Missing",IFERROR(IF(VLOOKUP(E98,'04_Branch_Master'!$A$1:$C$7,1,FALSE)='03_Clean_data'!E98,"Valid","Invalid"),"Invalid")) -> Valid | R98: =IFERROR(VLOOKUP(tbl_clean_sales[[#This Row],[Branch_ID]],'04_Branch_Master'!$A$1:$C$7,2,FALSE),"Missing") -> Kangeyam | S98: =IFERROR(VLOOKUP(tbl_clean_sales[[#This Row],[Branch_ID]],'04_Branch_Master'!$A$1:$C$7,3,FALSE),"Missing") -> East | T98: =C98&"|"&TEXT(tbl_clean_sales[[#This Row],[Date]],"yyyymm") -> E007|202604 | U98: =IFERROR(INDEX('05_Target_Master'!$A$1:$F$32,MATCH(tbl_clean_sales[[#This Row],[target key]],'05_Target_Master'!$F$1:$F$32,0),3),"Missing") -> 129600
A99: 46172 | B99: INV100098 | C99: E003 | D99: P010 | E99: B002 | F99: 7 | G99: 1235.53 | H99: =IF(COUNTIF(tbl_clean_sales[Invoice_ID],tbl_clean_sales[[#This Row],[Invoice_ID]])>1,"Duplicate","Unique") -> Unique | J99: =IF(tbl_clean_sales[[#This Row],[Employee_ID]]="","Missing",IFERROR(IF(VLOOKUP(tbl_clean_sales[[#This Row],[Employee_ID]],'02_Employee_Master'!$A$1:$C$12,1,FALSE)=tbl_clean_sales[[#This Row],[Employee_ID]],"Valid","Invalid"),"Invalid")) -> Valid | K99: =IFERROR(VLOOKUP(tbl_clean_sales[[#This Row],[Employee_ID]],'02_Employee_Master'!$A$1:$C$12,2,FALSE),"Employee Name Missing") -> Rahul M | L99: =IFERROR(VLOOKUP(tbl_clean_sales[[#This Row],[Employee_ID]],'02_Employee_Master'!$A$1:$C$12,3,FALSE),"Department Name Missing") -> Sales | M99: =IF('03_Clean_data'!D99="","Missing",IFERROR(IF(VLOOKUP(D99,'03_Product_Master'!$A$1:$D$14,1,FALSE)='03_Clean_data'!D99,"Valid","Invalid"),"Invalid")) -> Valid | N99: =IFERROR(VLOOKUP(tbl_clean_sales[[#This Row],[Product_ID]],'03_Product_Master'!$A$1:$D$14,2,FALSE),"Missing") -> Dish Wash | O99: =IFERROR(VLOOKUP(tbl_clean_sales[[#This Row],[Product_ID]],'03_Product_Master'!$A$1:$D$14,3,FALSE),"Missing") -> Home Care | P99: =IFERROR(VLOOKUP(tbl_clean_sales[[#This Row],[Product_ID]],'03_Product_Master'!$A$1:$D$14,4,FALSE),"Missing") -> 190 | Q99: =IF('03_Clean_data'!E99="","Missing",IFERROR(IF(VLOOKUP(E99,'04_Branch_Master'!$A$1:$C$7,1,FALSE)='03_Clean_data'!E99,"Valid","Invalid"),"Invalid")) -> Valid | R99: =IFERROR(VLOOKUP(tbl_clean_sales[[#This Row],[Branch_ID]],'04_Branch_Master'!$A$1:$C$7,2,FALSE),"Missing") -> Avinashi Road | S99: =IFERROR(VLOOKUP(tbl_clean_sales[[#This Row],[Branch_ID]],'04_Branch_Master'!$A$1:$C$7,3,FALSE),"Missing") -> North | T99: =C99&"|"&TEXT(tbl_clean_sales[[#This Row],[Date]],"yyyymm") -> E003|202605 | U99: =IFERROR(INDEX('05_Target_Master'!$A$1:$F$32,MATCH(tbl_clean_sales[[#This Row],[target key]],'05_Target_Master'!$F$1:$F$32,0),3),"Missing") -> 126000
... A112: 46160 | B112: INV100111 | C112: E002 | D112: P009 | E112: B001 | F112: 1 | G112: 350.24 | H112: =IF(COUNTIF(tbl_clean_sales[Invoice_ID],tbl_clean_sales[[#This Row],[Invoice_ID]])>1,"Duplicate","Unique") -> Unique | J112: =IF(tbl_clean_sales[[#This Row],[Employee_ID]]="","Missing",IFERROR(IF(VLOOKUP(tbl_clean_sales[[#This Row],[Employee_ID]],'02_Employee_Master'!$A$1:$C$12,1,FALSE)=tbl_clean_sales[[#This Row],[Employee_ID]],"Valid","Invalid"),"Invalid")) -> Valid | K112: =IFERROR(VLOOKUP(tbl_clean_sales[[#This Row],[Employee_ID]],'02_Employee_Master'!$A$1:$C$12,2,FALSE),"Employee Name Missing") -> Priya S | L112: =IFERROR(VLOOKUP(tbl_clean_sales[[#This Row],[Employee_ID]],'02_Employee_Master'!$A$1:$C$12,3,FALSE),"Department Name Missing") -> Sales | M112: =IF('03_Clean_data'!D112="","Missing",IFERROR(IF(VLOOKUP(D112,'03_Product_Master'!$A$1:$D$14,1,FALSE)='03_Clean_data'!D112,"Valid","Invalid"),"Invalid")) -> Valid | N112: =IFERROR(VLOOKUP(tbl_clean_sales[[#This Row],[Product_ID]],'03_Product_Master'!$A$1:$D$14,2,FALSE),"Missing") -> Body Lotion | O112: =IFERROR(VLOOKUP(tbl_clean_sales[[#This Row],[Product_ID]],'03_Product_Master'!$A$1:$D$14,3,FALSE),"Missing") -> Personal Care | P112: =IFERROR(VLOOKUP(tbl_clean_sales[[#This Row],[Product_ID]],'03_Product_Master'!$A$1:$D$14,4,FALSE),"Missing") -> 390 | Q112: =IF('03_Clean_data'!E112="","Missing",IFERROR(IF(VLOOKUP(E112,'04_Branch_Master'!$A$1:$C$7,1,FALSE)='03_Clean_data'!E112,"Valid","Invalid"),"Invalid")) -> Valid | R112: =IFERROR(VLOOKUP(tbl_clean_sales[[#This Row],[Branch_ID]],'04_Branch_Master'!$A$1:$C$7,2,FALSE),"Missing") -> Tirupur Central | S112: =IFERROR(VLOOKUP(tbl_clean_sales[[#This Row],[Branch_ID]],'04_Branch_Master'!$A$1:$C$7,3,FALSE),"Missing") -> North | T112: =C112&"|"&TEXT(tbl_clean_sales[[#This Row],[Date]],"yyyymm") -> E002|202605 | U112: =IFERROR(INDEX('05_Target_Master'!$A$1:$F$32,MATCH(tbl_clean_sales[[#This Row],[target key]],'05_Target_Master'!$F$1:$F$32,0),3),"Missing") -> 132100
A113: 31-Feb-2026 | B113: INV100112 | C113: E002 | D113: P007 | E113: B004 | F113: 12 | G113: 3651.7 | H113: =IF(COUNTIF(tbl_clean_sales[Invoice_ID],tbl_clean_sales[[#This Row],[Invoice_ID]])>1,"Duplicate","Unique") -> Unique | J113: =IF(tbl_clean_sales[[#This Row],[Employee_ID]]="","Missing",IFERROR(IF(VLOOKUP(tbl_clean_sales[[#This Row],[Employee_ID]],'02_Employee_Master'!$A$1:$C$12,1,FALSE)=tbl_clean_sales[[#This Row],[Employee_ID]],"Valid","Invalid"),"Invalid")) -> Valid | K113: =IFERROR(VLOOKUP(tbl_clean_sales[[#This Row],[Employee_ID]],'02_Employee_Master'!$A$1:$C$12,2,FALSE),"Employee Name Missing") -> Priya S | L113: =IFERROR(VLOOKUP(tbl_clean_sales[[#This Row],[Employee_ID]],'02_Employee_Master'!$A$1:$C$12,3,FALSE),"Department Name Missing") -> Sales | M113: =IF('03_Clean_data'!D113="","Missing",IFERROR(IF(VLOOKUP(D113,'03_Product_Master'!$A$1:$D$14,1,FALSE)='03_Clean_data'!D113,"Valid","Invalid"),"Invalid")) -> Valid | N113: =IFERROR(VLOOKUP(tbl_clean_sales[[#This Row],[Product_ID]],'03_Product_Master'!$A$1:$D$14,2,FALSE),"Missing") -> Shampoo | O113: =IFERROR(VLOOKUP(tbl_clean_sales[[#This Row],[Product_ID]],'03_Product_Master'!$A$1:$D$14,3,FALSE),"Missing") -> Personal Care | P113: =IFERROR(VLOOKUP(tbl_clean_sales[[#This Row],[Product_ID]],'03_Product_Master'!$A$1:$D$14,4,FALSE),"Missing") -> 310 | Q113: =IF('03_Clean_data'!E113="","Missing",IFERROR(IF(VLOOKUP(E113,'04_Branch_Master'!$A$1:$C$7,1,FALSE)='03_Clean_data'!E113,"Valid","Invalid"),"Invalid")) -> Valid | R113: =IFERROR(VLOOKUP(tbl_clean_sales[[#This Row],[Branch_ID]],'04_Branch_Master'!$A$1:$C$7,2,FALSE),"Missing") -> Kangeyam | S113: =IFERROR(VLOOKUP(tbl_clean_sales[[#This Row],[Branch_ID]],'04_Branch_Master'!$A$1:$C$7,3,FALSE),"Missing") -> East | T113: =C113&"|"&TEXT(tbl_clean_sales[[#This Row],[Date]],"yyyymm") -> E002|31-Feb-2026 | U113: =IFERROR(INDEX('05_Target_Master'!$A$1:$F$32,MATCH(tbl_clean_sales[[#This Row],[target key]],'05_Target_Master'!$F$1:$F$32,0),3),"Missing") -> Missing
A114: 46135 | B114: INV100113 | C114: E009 | D114: P011 | E114: B005 | F114: 9 | G114: 2775.55 | H114: =IF(COUNTIF(tbl_clean_sales[Invoice_ID],tbl_clean_sales[[#This Row],[Invoice_ID]])>1,"Duplicate","Unique") -> Unique | J114: =IF(tbl_clean_sales[[#This Row],[Employee_ID]]="","Missing",IFERROR(IF(VLOOKUP(tbl_clean_sales[[#This Row],[Employee_ID]],'02_Employee_Master'!$A$1:$C$12,1,FALSE)=tbl_clean_sales[[#This Row],[Employee_ID]],"Valid","Invalid"),"Invalid")) -> Valid | K114: =IFERROR(VLOOKUP(tbl_clean_sales[[#This Row],[Employee_ID]],'02_Employee_Master'!$A$1:$C$12,2,FALSE),"Employee Name Missing") -> Vignesh R | L114: =IFERROR(VLOOKUP(tbl_clean_sales[[#This Row],[Employee_ID]],'02_Employee_Master'!$A$1:$C$12,3,FALSE),"Department Name Missing") -> Sales | M114: =IF('03_Clean_data'!D114="","Missing",IFERROR(IF(VLOOKUP(D114,'03_Product_Master'!$A$1:$D$14,1,FALSE)='03_Clean_data'!D114,"Valid","Invalid"),"Invalid")) -> Valid | N114: =IFERROR(VLOOKUP(tbl_clean_sales[[#This Row],[Product_ID]],'03_Product_Master'!$A$1:$D$14,2,FALSE),"Missing") -> Laundry Liquid | O114: =IFERROR(VLOOKUP(tbl_clean_sales[[#This Row],[Product_ID]],'03_Product_Master'!$A$1:$D$14,3,FALSE),"Missing") -> Home Care | P114: =IFERROR(VLOOKUP(tbl_clean_sales[[#This Row],[Product_ID]],'03_Product_Master'!$A$1:$D$14,4,FALSE),"Missing") -> 340 | Q114: =IF('03_Clean_data'!E114="","Missing",IFERROR(IF(VLOOKUP(E114,'04_Branch_Master'!$A$1:$C$7,1,FALSE)='03_Clean_data'!E114,"Valid","Invalid"),"Invalid")) -> Valid | R114: =IFERROR(VLOOKUP(tbl_clean_sales[[#This Row],[Branch_ID]],'04_Branch_Master'!$A$1:$C$7,2,FALSE),"Missing") -> Dharapuram | S114: =IFERROR(VLOOKUP(tbl_clean_sales[[#This Row],[Branch_ID]],'04_Branch_Master'!$A$1:$C$7,3,FALSE),"Missing") -> South | T114: =C114&"|"&TEXT(tbl_clean_sales[[#This Row],[Date]],"yyyymm") -> E009|202604 | U114: =IFERROR(INDEX('05_Target_Master'!$A$1:$F$32,MATCH(tbl_clean_sales[[#This Row],[target key]],'05_Target_Master'!$F$1:$F$32,0),3),"Missing") -> 163300
A115: 46172 | B115: INV100114 | C115: E007 | D115: P012 | E115: B004 | F115: 6 | G115: 1238.96 | H115: =IF(COUNTIF(tbl_clean_sales[Invoice_ID],tbl_clean_sales[[#This Row],[Invoice_ID]])>1,"Duplicate","Unique") -> Unique | J115: =IF(tbl_clean_sales[[#This Row],[Employee_ID]]="","Missing",IFERROR(IF(VLOOKUP(tbl_clean_sales[[#This Row],[Employee_ID]],'02_Employee_Master'!$A$1:$C$12,1,FALSE)=tbl_clean_sales[[#This Row],[Employee_ID]],"Valid","Invalid"),"Invalid")) -> Valid | K115: =IFERROR(VLOOKUP(tbl_clean_sales[[#This Row],[Employee_ID]],'02_Employee_Master'!$A$1:$C$12,2,FALSE),"Employee Name Missing") -> Suresh B | L115: =IFERROR(VLOOKUP(tbl_clean_sales[[#This Row],[Employee_ID]],'02_Employee_Master'!$A$1:$C$12,3,FALSE),"Department Name Missing") -> Sales | M115: =IF('03_Clean_data'!D115="","Missing",IFERROR(IF(VLOOKUP(D115,'03_Product_Master'!$A$1:$D$14,1,FALSE)='03_Clean_data'!D115,"Valid","Invalid"),"Invalid")) -> Valid | N115: =IFERROR(VLOOKUP(tbl_clean_sales[[#This Row],[Product_ID]],'03_Product_Master'!$A$1:$D$14,2,FALSE),"Missing") -> Floor Cleaner | O115: =IFERROR(VLOOKUP(tbl_clean_sales[[#This Row],[Product_ID]],'03_Product_Master'!$A$1:$D$14,3,FALSE),"Missing") -> Home Care | P115: =IFERROR(VLOOKUP(tbl_clean_sales[[#This Row],[Product_ID]],'03_Product_Master'!$A$1:$D$14,4,FALSE),"Missing") -> 230 | Q115: =IF('03_Clean_data'!E115="","Missing",IFERROR(IF(VLOOKUP(E115,'04_Branch_Master'!$A$1:$C$7,1,FALSE)='03_Clean_data'!E115,"Valid","Invalid"),"Invalid")) -> Valid | R115: =IFERROR(VLOOKUP(tbl_clean_sales[[#This Row],[Branch_ID]],'04_Branch_Master'!$A$1:$C$7,2,FALSE),"Missing") -> Kangeyam | S115: =IFERROR(VLOOKUP(tbl_clean_sales[[#This Row],[Branch_ID]],'04_Branch_Master'!$A$1:$C$7,3,FALSE),"Missing") -> East | T115: =C115&"|"&TEXT(tbl_clean_sales[[#This Row],[Date]],"yyyymm") -> E007|202605 | U115: =IFERROR(INDEX('05_Target_Master'!$A$1:$F$32,MATCH(tbl_clean_sales[[#This Row],[target key]],'05_Target_Master'!$F$1:$F$32,0),3),"Missing") -> 140000
A116: 46124 | B116: INV100115 | C116: E005 | D116: P008 | E116: B003 | F116: 8 | G116: 1937.77 | H116: =IF(COUNTIF(tbl_clean_sales[Invoice_ID],tbl_clean_sales[[#This Row],[Invoice_ID]])>1,"Duplicate","Unique") -> Unique | J116: =IF(tbl_clean_sales[[#This Row],[Employee_ID]]="","Missing",IFERROR(IF(VLOOKUP(tbl_clean_sales[[#This Row],[Employee_ID]],'02_Employee_Master'!$A$1:$C$12,1,FALSE)=tbl_clean_sales[[#This Row],[Employee_ID]],"Valid","Invalid"),"Invalid")) -> Valid | K116: =IFERROR(VLOOKUP(tbl_clean_sales[[#This Row],[Employee_ID]],'02_Employee_Master'!$A$1:$C$12,2,FALSE),"Employee Name Missing") -> Karthik P | L116: =IFERROR(VLOOKUP(tbl_clean_sales[[#This Row],[Employee_ID]],'02_Employee_Master'!$A$1:$C$12,3,FALSE),"Department Name Missing") -> Sales | M116: =IF('03_Clean_data'!D116="","Missing",IFERROR(IF(VLOOKUP(D116,'03_Product_Master'!$A$1:$D$14,1,FALSE)='03_Clean_data'!D116,"Valid","Invalid"),"Invalid")) -> Valid | N116: =IFERROR(VLOOKUP(tbl_clean_sales[[#This Row],[Product_ID]],'03_Product_Master'!$A$1:$D$14,2,FALSE),"Missing") -> Face Wash | O116: =IFERROR(VLOOKUP(tbl_clean_sales[[#This Row],[Product_ID]],'03_Product_Master'!$A$1:$D$14,3,FALSE),"Missing") -> Personal Care | P116: =IFERROR(VLOOKUP(tbl_clean_sales[[#This Row],[Product_ID]],'03_Product_Master'!$A$1:$D$14,4,FALSE),"Missing") -> 260 | Q116: =IF('03_Clean_data'!E116="","Missing",IFERROR(IF(VLOOKUP(E116,'04_Branch_Master'!$A$1:$C$7,1,FALSE)='03_Clean_data'!E116,"Valid","Invalid"),"Invalid")) -> Valid | R116: =IFERROR(VLOOKUP(tbl_clean_sales[[#This Row],[Branch_ID]],'04_Branch_Master'!$A$1:$C$7,2,FALSE),"Missing") -> Palladam | S116: =IFERROR(VLOOKUP(tbl_clean_sales[[#This Row],[Branch_ID]],'04_Branch_Master'!$A$1:$C$7,3,FALSE),"Missing") -> South | T116: =C116&"|"&TEXT(tbl_clean_sales[[#This Row],[Date]],"yyyymm") -> E005|202604 | U116: =IFERROR(INDEX('05_Target_Master'!$A$1:$F$32,MATCH(tbl_clean_sales[[#This Row],[target key]],'05_Target_Master'!$F$1:$F$32,0),3),"Missing") -> 133000
A117: 46198 | B117: INV100116 | C117: E007 | D117: P006 | E117: B004 | F117: 6 | G117: 645.6 | H117: =IF(COUNTIF(tbl_clean_sales[Invoice_ID],tbl_clean_sales[[#This Row],[Invoice_ID]])>1,"Duplicate","Unique") -> Unique | J117: =IF(tbl_clean_sales[[#This Row],[Employee_ID]]="","Missing",IFERROR(IF(VLOOKUP(tbl_clean_sales[[#This Row],[Employee_ID]],'02_Employee_Master'!$A$1:$C$12,1,FALSE)=tbl_clean_sales[[#This Row],[Employee_ID]],"Valid","Invalid"),"Invalid")) -> Valid | K117: =IFERROR(VLOOKUP(tbl_clean_sales[[#This Row],[Employee_ID]],'02_Employee_Master'!$A$1:$C$12,2,FALSE),"Employee Name Missing") -> Suresh B | L117: =IFERROR(VLOOKUP(tbl_clean_sales[[#This Row],[Employee_ID]],'02_Employee_Master'!$A$1:$C$12,3,FALSE),"Department Name Missing") -> Sales | M117: =IF('03_Clean_data'!D117="","Missing",IFERROR(IF(VLOOKUP(D117,'03_Product_Master'!$A$1:$D$14,1,FALSE)='03_Clean_data'!D117,"Valid","Invalid"),"Invalid")) -> Valid | N117: =IFERROR(VLOOKUP(tbl_clean_sales[[#This Row],[Product_ID]],'03_Product_Master'!$A$1:$D$14,2,FALSE),"Missing") -> Potato Chips | O117: =IFERROR(VLOOKUP(tbl_clean_sales[[#This Row],[Product_ID]],'03_Product_Master'!$A$1:$D$14,3,FALSE),"Missing") -> Snacks | P117: =IFERROR(VLOOKUP(tbl_clean_sales[[#This Row],[Product_ID]],'03_Product_Master'!$A$1:$D$14,4,FALSE),"Missing") -> 110 | Q117: =IF('03_Clean_data'!E117="","Missing",IFERROR(IF(VLOOKUP(E117,'04_Branch_Master'!$A$1:$C$7,1,FALSE)='03_Clean_data'!E117,"Valid","Invalid"),"Invalid")) -> Valid | R117: =IFERROR(VLOOKUP(tbl_clean_sales[[#This Row],[Branch_ID]],'04_Branch_Master'!$A$1:$C$7,2,FALSE),"Missing") -> Kangeyam | S117: =IFERROR(VLOOKUP(tbl_clean_sales[[#This Row],[Branch_ID]],'04_Branch_Master'!$A$1:$C$7,3,FALSE),"Missing") -> East | T117: =C117&"|"&TEXT(tbl_clean_sales[[#This Row],[Date]],"yyyymm") -> E007|202606 | U117: =IFERROR(INDEX('05_Target_Master'!$A$1:$F$32,MATCH(tbl_clean_sales[[#This Row],[target key]],'05_Target_Master'!$F$1:$F$32,0),3),"Missing") -> 124400
A118: 46140 | B118: INV100117 | C118: E006 | D118: P005 | E118: B003 | F118: 10 | G118: 1099.03 | H118: =IF(COUNTIF(tbl_clean_sales[Invoice_ID],tbl_clean_sales[[#This Row],[Invoice_ID]])>1,"Duplicate","Unique") -> Unique | J118: =IF(tbl_clean_sales[[#This Row],[Employee_ID]]="","Missing",IFERROR(IF(VLOOKUP(tbl_clean_sales[[#This Row],[Employee_ID]],'02_Employee_Master'!$A$1:$C$12,1,FALSE)=tbl_clean_sales[[#This Row],[Employee_ID]],"Valid","Invalid"),"Invalid")) -> Valid | K118: =IFERROR(VLOOKUP(tbl_clean_sales[[#This Row],[Employee_ID]],'02_Employee_Master'!$A$1:$C$12,2,FALSE),"Employee Name Missing") -> Meena V | L118: =IFERROR(VLOOKUP(tbl_clean_sales[[#This Row],[Employee_ID]],'02_Employee_Master'!$A$1:$C$12,3,FALSE),"Department Name Missing") -> Sales | M118: =IF('03_Clean_data'!D118="","Missing",IFERROR(IF(VLOOKUP(D118,'03_Product_Master'!$A$1:$D$14,1,FALSE)='03_Clean_data'!D118,"Valid","Invalid"),"Invalid")) -> Valid | N118: =IFERROR(VLOOKUP(tbl_clean_sales[[#This Row],[Product_ID]],'03_Product_Master'!$A$1:$D$14,2,FALSE),"Missing") -> Chocolate Bar | O118: =IFERROR(VLOOKUP(tbl_clean_sales[[#This Row],[Product_ID]],'03_Product_Master'!$A$1:$D$14,3,FALSE),"Missing") -> Snacks | P118: =IFERROR(VLOOKUP(tbl_clean_sales[[#This Row],[Product_ID]],'03_Product_Master'!$A$1:$D$14,4,FALSE),"Missing") -> 120 | Q118: =IF('03_Clean_data'!E118="","Missing",IFERROR(IF(VLOOKUP(E118,'04_Branch_Master'!$A$1:$C$7,1,FALSE)='03_Clean_data'!E118,"Valid","Invalid"),"Invalid")) -> Valid | R118: =IFERROR(VLOOKUP(tbl_clean_sales[[#This Row],[Branch_ID]],'04_Branch_Master'!$A$1:$C$7,2,FALSE),"Missing") -> Palladam | S118: =IFERROR(VLOOKUP(tbl_clean_sales[[#This Row],[Branch_ID]],'04_Branch_Master'!$A$1:$C$7,3,FALSE),"Missing") -> South | T118: =C118&"|"&TEXT(tbl_clean_sales[[#This Row],[Date]],"yyyymm") -> E006|202604 | U118: =IFERROR(INDEX('05_Target_Master'!$A$1:$F$32,MATCH(tbl_clean_sales[[#This Row],[target key]],'05_Target_Master'!$F$1:$F$32,0),3),"Missing") -> 131000
A119: 46148 | B119: INV100118 | C119: E009 | D119: P001 | E119: B005 | F119: 4 | G119: 1662.74 | H119: =IF(COUNTIF(tbl_clean_sales[Invoice_ID],tbl_clean_sales[[#This Row],[Invoice_ID]])>1,"Duplicate","Unique") -> Unique | J119: =IF(tbl_clean_sales[[#This Row],[Employee_ID]]="","Missing",IFERROR(IF(VLOOKUP(tbl_clean_sales[[#This Row],[Employee_ID]],'02_Employee_Master'!$A$1:$C$12,1,FALSE)=tbl_clean_sales[[#This Row],[Employee_ID]],"Valid","Invalid"),"Invalid")) -> Valid | K119: =IFERROR(VLOOKUP(tbl_clean_sales[[#This Row],[Employee_ID]],'02_Employee_Master'!$A$1:$C$12,2,FALSE),"Employee Name Missing") -> Vignesh R | L119: =IFERROR(VLOOKUP(tbl_clean_sales[[#This Row],[Employee_ID]],'02_Employee_Master'!$A$1:$C$12,3,FALSE),"Department Name Missing") -> Sales | M119: =IF('03_Clean_data'!D119="","Missing",IFERROR(IF(VLOOKUP(D119,'03_Product_Master'!$A$1:$D$14,1,FALSE)='03_Clean_data'!D119,"Valid","Invalid"),"Invalid")) -> Valid | N119: =IFERROR(VLOOKUP(tbl_clean_sales[[#This Row],[Product_ID]],'03_Product_Master'!$A$1:$D$14,2,FALSE),"Missing") -> Premium Coffee | O119: =IFERROR(VLOOKUP(tbl_clean_sales[[#This Row],[Product_ID]],'03_Product_Master'!$A$1:$D$14,3,FALSE),"Missing") -> Beverages | P119: =IFERROR(VLOOKUP(tbl_clean_sales[[#This Row],[Product_ID]],'03_Product_Master'!$A$1:$D$14,4,FALSE),"Missing") -> 420 | Q119: =IF('03_Clean_data'!E119="","Missing",IFERROR(IF(VLOOKUP(E119,'04_Branch_Master'!$A$1:$C$7,1,FALSE)='03_Clean_data'!E119,"Valid","Invalid"),"Invalid")) -> Valid | R119: =IFERROR(VLOOKUP(tbl_clean_sales[[#This Row],[Branch_ID]],'04_Branch_Master'!$A$1:$C$7,2,FALSE),"Missing") -> Dharapuram | S119: =IFERROR(VLOOKUP(tbl_clean_sales[[#This Row],[Branch_ID]],'04_Branch_Master'!$A$1:$C$7,3,FALSE),"Missing") -> South | T119: =C119&"|"&TEXT(tbl_clean_sales[[#This Row],[Date]],"yyyymm") -> E009|202605 | U119: =IFERROR(INDEX('05_Target_Master'!$A$1:$F$32,MATCH(tbl_clean_sales[[#This Row],[target key]],'05_Target_Master'!$F$1:$F$32,0),3),"Missing") -> 176300
A120: 46165 | B120: INV100119 | C120: E008 | D120: P009 | E120: B004 | F120: 12 | G120: 4412.63 | H120: =IF(COUNTIF(tbl_clean_sales[Invoice_ID],tbl_clean_sales[[#This Row],[Invoice_ID]])>1,"Duplicate","Unique") -> Unique | J120: =IF(tbl_clean_sales[[#This Row],[Employee_ID]]="","Missing",IFERROR(IF(VLOOKUP(tbl_clean_sales[[#This Row],[Employee_ID]],'02_Employee_Master'!$A$1:$C$12,1,FALSE)=tbl_clean_sales[[#This Row],[Employee_ID]],"Valid","Invalid"),"Invalid")) -> Valid | K120: =IFERROR(VLOOKUP(tbl_clean_sales[[#This Row],[Employee_ID]],'02_Employee_Master'!$A$1:$C$12,2,FALSE),"Employee Name Missing") -> Nandhini K | L120: =IFERROR(VLOOKUP(tbl_clean_sales[[#This Row],[Employee_ID]],'02_Employee_Master'!$A$1:$C$12,3,FALSE),"Department Name Missing") -> Sales | M120: =IF('03_Clean_data'!D120="","Missing",IFERROR(IF(VLOOKUP(D120,'03_Product_Master'!$A$1:$D$14,1,FALSE)='03_Clean_data'!D120,"Valid","Invalid"),"Invalid")) -> Valid | N120: =IFERROR(VLOOKUP(tbl_clean_sales[[#This Row],[Product_ID]],'03_Product_Master'!$A$1:$D$14,2,FALSE),"Missing") -> Body Lotion | O120: =IFERROR(VLOOKUP(tbl_clean_sales[[#This Row],[Product_ID]],'03_Product_Master'!$A$1:$D$14,3,FALSE),"Missing") -> Personal Care | P120: =IFERROR(VLOOKUP(tbl_clean_sales[[#This Row],[Product_ID]],'03_Product_Master'!$A$1:$D$14,4,FALSE),"Missing") -> 390 | Q120: =IF('03_Clean_data'!E120="","Missing",IFERROR(IF(VLOOKUP(E120,'04_Branch_Master'!$A$1:$C$7,1,FALSE)='03_Clean_data'!E120,"Valid","Invalid"),"Invalid")) -> Valid | R120: =IFERROR(VLOOKUP(tbl_clean_sales[[#This Row],[Branch_ID]],'04_Branch_Master'!$A$1:$C$7,2,FALSE),"Missing") -> Kangeyam | S120: =IFERROR(VLOOKUP(tbl_clean_sales[[#This Row],[Branch_ID]],'04_Branch_Master'!$A$1:$C$7,3,FALSE),"Missing") -> East | T120: =C120&"|"&TEXT(tbl_clean_sales[[#This Row],[Date]],"yyyymm") -> E008|202605 | U120: =IFERROR(INDEX('05_Target_Master'!$A$1:$F$32,MATCH(tbl_clean_sales[[#This Row],[target key]],'05_Target_Master'!$F$1:$F$32,0),3),"Missing") -> 134100
A121: 46175 | B121: INV100120 | C121: E008 | D121: P001 | E121: B004 | F121: 4 | G121: 1598.47 | H121: =IF(COUNTIF(tbl_clean_sales[Invoice_ID],tbl_clean_sales[[#This Row],[Invoice_ID]])>1,"Duplicate","Unique") -> Unique | J121: =IF(tbl_clean_sales[[#This Row],[Employee_ID]]="","Missing",IFERROR(IF(VLOOKUP(tbl_clean_sales[[#This Row],[Employee_ID]],'02_Employee_Master'!$A$1:$C$12,1,FALSE)=tbl_clean_sales[[#This Row],[Employee_ID]],"Valid","Invalid"),"Invalid")) -> Valid | K121: =IFERROR(VLOOKUP(tbl_clean_sales[[#This Row],[Employee_ID]],'02_Employee_Master'!$A$1:$C$12,2,FALSE),"Employee Name Missing") -> Nandhini K | L121: =IFERROR(VLOOKUP(tbl_clean_sales[[#This Row],[Employee_ID]],'02_Employee_Master'!$A$1:$C$12,3,FALSE),"Department Name Missing") -> Sales | M121: =IF('03_Clean_data'!D121="","Missing",IFERROR(IF(VLOOKUP(D121,'03_Product_Master'!$A$1:$D$14,1,FALSE)='03_Clean_data'!D121,"Valid","Invalid"),"Invalid")) -> Valid | N121: =IFERROR(VLOOKUP(tbl_clean_sales[[#This Row],[Product_ID]],'03_Product_Master'!$A$1:$D$14,2,FALSE),"Missing") -> Premium Coffee | O121: =IFERROR(VLOOKUP(tbl_clean_sales[[#This Row],[Product_ID]],'03_Product_Master'!$A$1:$D$14,3,FALSE),"Missing") -> Beverages | P121: =IFERROR(VLOOKUP(tbl_clean_sales[[#This Row],[Product_ID]],'03_Product_Master'!$A$1:$D$14,4,FALSE),"Missing") -> 420 | Q121: =IF('03_Clean_data'!E121="","Missing",IFERROR(IF(VLOOKUP(E121,'04_Branch_Master'!$A$1:$C$7,1,FALSE)='03_Clean_data'!E121,"Valid","Invalid"),"Invalid")) -> Valid | R121: =IFERROR(VLOOKUP(tbl_clean_sales[[#This Row],[Branch_ID]],'04_Branch_Master'!$A$1:$C$7,2,FALSE),"Missing") -> Kangeyam | S121: =IFERROR(VLOOKUP(tbl_clean_sales[[#This Row],[Branch_ID]],'04_Branch_Master'!$A$1:$C$7,3,FALSE),"Missing") -> East | T121: =C121&"|"&TEXT(tbl_clean_sales[[#This Row],[Date]],"yyyymm") -> E008|202606 | U121: =IFERROR(INDEX('05_Target_Master'!$A$1:$F$32,MATCH(tbl_clean_sales[[#This Row],[target key]],'05_Target_Master'!$F$1:$F$32,0),3),"Missing") -> 119200
A122: 46144 | B122: INV100121 | C122: E005 | D122: P011 | E122: B003 | F122: 8 | G122: 2539.35 | H122: =IF(COUNTIF(tbl_clean_sales[Invoice_ID],tbl_clean_sales[[#This Row],[Invoice_ID]])>1,"Duplicate","Unique") -> Unique | J122: =IF(tbl_clean_sales[[#This Row],[Employee_ID]]="","Missing",IFERROR(IF(VLOOKUP(tbl_clean_sales[[#This Row],[Employee_ID]],'02_Employee_Master'!$A$1:$C$12,1,FALSE)=tbl_clean_sales[[#This Row],[Employee_ID]],"Valid","Invalid"),"Invalid")) -> Valid | K122: =IFERROR(VLOOKUP(tbl_clean_sales[[#This Row],[Employee_ID]],'02_Employee_Master'!$A$1:$C$12,2,FALSE),"Employee Name Missing") -> Karthik P | L122: =IFERROR(VLOOKUP(tbl_clean_sales[[#This Row],[Employee_ID]],'02_Employee_Master'!$A$1:$C$12,3,FALSE),"Department Name Missing") -> Sales | M122: =IF('03_Clean_data'!D122="","Missing",IFERROR(IF(VLOOKUP(D122,'03_Product_Master'!$A$1:$D$14,1,FALSE)='03_Clean_data'!D122,"Valid","Invalid"),"Invalid")) -> Valid | N122: =IFERROR(VLOOKUP(tbl_clean_sales[[#This Row],[Product_ID]],'03_Product_Master'!$A$1:$D$14,2,FALSE),"Missing") -> Laundry Liquid | O122: =IFERROR(VLOOKUP(tbl_clean_sales[[#This Row],[Product_ID]],'03_Product_Master'!$A$1:$D$14,3,FALSE),"Missing") -> Home Care | P122: =IFERROR(VLOOKUP(tbl_clean_sales[[#This Row],[Product_ID]],'03_Product_Master'!$A$1:$D$14,4,FALSE),"Missing") -> 340 | Q122: =IF('03_Clean_data'!E122="","Missing",IFERROR(IF(VLOOKUP(E122,'04_Branch_Master'!$A$1:$C$7,1,FALSE)='03_Clean_data'!E122,"Valid","Invalid"),"Invalid")) -> Valid | R122: =IFERROR(VLOOKUP(tbl_clean_sales[[#This Row],[Branch_ID]],'04_Branch_Master'!$A$1:$C$7,2,FALSE),"Missing") -> Palladam | S122: =IFERROR(VLOOKUP(tbl_clean_sales[[#This Row],[Branch_ID]],'04_Branch_Master'!$A$1:$C$7,3,FALSE),"Missing") -> South | T122: =C122&"|"&TEXT(tbl_clean_sales[[#This Row],[Date]],"yyyymm") -> E005|202605 | U122: =IFERROR(INDEX('05_Target_Master'!$A$1:$F$32,MATCH(tbl_clean_sales[[#This Row],[target key]],'05_Target_Master'!$F$1:$F$32,0),3),"Missing") -> 143700
A123: 46157 | B123: INV100122 | C123: E007 | D123: P012 | E123: B004 | F123: 6 | G123: 1263.61 | H123: =IF(COUNTIF(tbl_clean_sales[Invoice_ID],tbl_clean_sales[[#This Row],[Invoice_ID]])>1,"Duplicate","Unique") -> Unique | J123: =IF(tbl_clean_sales[[#This Row],[Employee_ID]]="","Missing",IFERROR(IF(VLOOKUP(tbl_clean_sales[[#This Row],[Employee_ID]],'02_Employee_Master'!$A$1:$C$12,1,FALSE)=tbl_clean_sales[[#This Row],[Employee_ID]],"Valid","Invalid"),"Invalid")) -> Valid | K123: =IFERROR(VLOOKUP(tbl_clean_sales[[#This Row],[Employee_ID]],'02_Employee_Master'!$A$1:$C$12,2,FALSE),"Employee Name Missing") -> Suresh B | L123: =IFERROR(VLOOKUP(tbl_clean_sales[[#This Row],[Employee_ID]],'02_Employee_Master'!$A$1:$C$12,3,FALSE),"Department Name Missing") -> Sales | M123: =IF('03_Clean_data'!D123="","Missing",IFERROR(IF(VLOOKUP(D123,'03_Product_Master'!$A$1:$D$14,1,FALSE)='03_Clean_data'!D123,"Valid","Invalid"),"Invalid")) -> Valid | N123: =IFERROR(VLOOKUP(tbl_clean_sales[[#This Row],[Product_ID]],'03_Product_Master'!$A$1:$D$14,2,FALSE),"Missing") -> Floor Cleaner | O123: =IFERROR(VLOOKUP(tbl_clean_sales[[#This Row],[Product_ID]],'03_Product_Master'!$A$1:$D$14,3,FALSE),"Missing") -> Home Care | P123: =IFERROR(VLOOKUP(tbl_clean_sales[[#This Row],[Product_ID]],'03_Product_Master'!$A$1:$D$14,4,FALSE),"Missing") -> 230 | Q123: =IF('03_Clean_data'!E123="","Missing",IFERROR(IF(VLOOKUP(E123,'04_Branch_Master'!$A$1:$C$7,1,FALSE)='03_Clean_data'!E123,"Valid","Invalid"),"Invalid")) -> Valid | R123: =IFERROR(VLOOKUP(tbl_clean_sales[[#This Row],[Branch_ID]],'04_Branch_Master'!$A$1:$C$7,2,FALSE),"Missing") -> Kangeyam | S123: =IFERROR(VLOOKUP(tbl_clean_sales[[#This Row],[Branch_ID]],'04_Branch_Master'!$A$1:$C$7,3,FALSE),"Missing") -> East | T123: =C123&"|"&TEXT(tbl_clean_sales[[#This Row],[Date]],"yyyymm") -> E007|202605 | U123: =IFERROR(INDEX('05_Target_Master'!$A$1:$F$32,MATCH(tbl_clean_sales[[#This Row],[target key]],'05_Target_Master'!$F$1:$F$32,0),3),"Missing") -> 140000
A124: 46147 | B124: INV100123 | C124: E005 | D124: P005 | E124: B003 | F124: 12 | G124: 1406.72 | H124: =IF(COUNTIF(tbl_clean_sales[Invoice_ID],tbl_clean_sales[[#This Row],[Invoice_ID]])>1,"Duplicate","Unique") -> Unique | J124: =IF(tbl_clean_sales[[#This Row],[Employee_ID]]="","Missing",IFERROR(IF(VLOOKUP(tbl_clean_sales[[#This Row],[Employee_ID]],'02_Employee_Master'!$A$1:$C$12,1,FALSE)=tbl_clean_sales[[#This Row],[Employee_ID]],"Valid","Invalid"),"Invalid")) -> Valid | K124: =IFERROR(VLOOKUP(tbl_clean_sales[[#This Row],[Employee_ID]],'02_Employee_Master'!$A$1:$C$12,2,FALSE),"Employee Name Missing") -> Karthik P | L124: =IFERROR(VLOOKUP(tbl_clean_sales[[#This Row],[Employee_ID]],'02_Employee_Master'!$A$1:$C$12,3,FALSE),"Department Name Missing") -> Sales | M124: =IF('03_Clean_data'!D124="","Missing",IFERROR(IF(VLOOKUP(D124,'03_Product_Master'!$A$1:$D$14,1,FALSE)='03_Clean_data'!D124,"Valid","Invalid"),"Invalid")) -> Valid | N124: =IFERROR(VLOOKUP(tbl_clean_sales[[#This Row],[Product_ID]],'03_Product_Master'!$A$1:$D$14,2,FALSE),"Missing") -> Chocolate Bar | O124: =IFERROR(VLOOKUP(tbl_clean_sales[[#This Row],[Product_ID]],'03_Product_Master'!$A$1:$D$14,3,FALSE),"Missing") -> Snacks | P124: =IFERROR(VLOOKUP(tbl_clean_sales[[#This Row],[Product_ID]],'03_Product_Master'!$A$1:$D$14,4,FALSE),"Missing") -> 120 | Q124: =IF('03_Clean_data'!E124="","Missing",IFERROR(IF(VLOOKUP(E124,'04_Branch_Master'!$A$1:$C$7,1,FALSE)='03_Clean_data'!E124,"Valid","Invalid"),"Invalid")) -> Valid | R124: =IFERROR(VLOOKUP(tbl_clean_sales[[#This Row],[Branch_ID]],'04_Branch_Master'!$A$1:$C$7,2,FALSE),"Missing") -> Palladam | S124: =IFERROR(VLOOKUP(tbl_clean_sales[[#This Row],[Branch_ID]],'04_Branch_Master'!$A$1:$C$7,3,FALSE),"Missing") -> South | T124: =C124&"|"&TEXT(tbl_clean_sales[[#This Row],[Date]],"yyyymm") -> E005|202605 | U124: =IFERROR(INDEX('05_Target_Master'!$A$1:$F$32,MATCH(tbl_clean_sales[[#This Row],[target key]],'05_Target_Master'!$F$1:$F$32,0),3),"Missing") -> 143700
A125: 46128 | B125: INV100124 | C125: E009 | D125: P012 | E125: B005 | F125: 4 | G125: 838.46 | H125: =IF(COUNTIF(tbl_clean_sales[Invoice_ID],tbl_clean_sales[[#This Row],[Invoice_ID]])>1,"Duplicate","Unique") -> Unique | J125: =IF(tbl_clean_sales[[#This Row],[Employee_ID]]="","Missing",IFERROR(IF(VLOOKUP(tbl_clean_sales[[#This Row],[Employee_ID]],'02_Employee_Master'!$A$1:$C$12,1,FALSE)=tbl_clean_sales[[#This Row],[Employee_ID]],"Valid","Invalid"),"Invalid")) -> Valid | K125: =IFERROR(VLOOKUP(tbl_clean_sales[[#This Row],[Employee_ID]],'02_Employee_Master'!$A$1:$C$12,2,FALSE),"Employee Name Missing") -> Vignesh R | L125: =IFERROR(VLOOKUP(tbl_clean_sales[[#This Row],[Employee_ID]],'02_Employee_Master'!$A$1:$C$12,3,FALSE),"Department Name Missing") -> Sales | M125: =IF('03_Clean_data'!D125="","Missing",IFERROR(IF(VLOOKUP(D125,'03_Product_Master'!$A$1:$D$14,1,FALSE)='03_Clean_data'!D125,"Valid","Invalid"),"Invalid")) -> Valid | N125: =IFERROR(VLOOKUP(tbl_clean_sales[[#This Row],[Product_ID]],'03_Product_Master'!$A$1:$D$14,2,FALSE),"Missing") -> Floor Cleaner | O125: =IFERROR(VLOOKUP(tbl_clean_sales[[#This Row],[Product_ID]],'03_Product_Master'!$A$1:$D$14,3,FALSE),"Missing") -> Home Care | P125: =IFERROR(VLOOKUP(tbl_clean_sales[[#This Row],[Product_ID]],'03_Product_Master'!$A$1:$D$14,4,FALSE),"Missing") -> 230 | Q125: =IF('03_Clean_data'!E125="","Missing",IFERROR(IF(VLOOKUP(E125,'04_Branch_Master'!$A$1:$C$7,1,FALSE)='03_Clean_data'!E125,"Valid","Invalid"),"Invalid")) -> Valid | R125: =IFERROR(VLOOKUP(tbl_clean_sales[[#This Row],[Branch_ID]],'04_Branch_Master'!$A$1:$C$7,2,FALSE),"Missing") -> Dharapuram | S125: =IFERROR(VLOOKUP(tbl_clean_sales[[#This Row],[Branch_ID]],'04_Branch_Master'!$A$1:$C$7,3,FALSE),"Missing") -> South | T125: =C125&"|"&TEXT(tbl_clean_sales[[#This Row],[Date]],"yyyymm") -> E009|202604 | U125: =IFERROR(INDEX('05_Target_Master'!$A$1:$F$32,MATCH(tbl_clean_sales[[#This Row],[target key]],'05_Target_Master'!$F$1:$F$32,0),3),"Missing") -> 163300
... A134: 46169 | B134: INV100133 | C134: E005 | D134: P010 | E134: B003 | F134: 10 | G134: 1758.41 | H134: =IF(COUNTIF(tbl_clean_sales[Invoice_ID],tbl_clean_sales[[#This Row],[Invoice_ID]])>1,"Duplicate","Unique") -> Unique | J134: =IF(tbl_clean_sales[[#This Row],[Employee_ID]]="","Missing",IFERROR(IF(VLOOKUP(tbl_clean_sales[[#This Row],[Employee_ID]],'02_Employee_Master'!$A$1:$C$12,1,FALSE)=tbl_clean_sales[[#This Row],[Employee_ID]],"Valid","Invalid"),"Invalid")) -> Valid | K134: =IFERROR(VLOOKUP(tbl_clean_sales[[#This Row],[Employee_ID]],'02_Employee_Master'!$A$1:$C$12,2,FALSE),"Employee Name Missing") -> Karthik P | L134: =IFERROR(VLOOKUP(tbl_clean_sales[[#This Row],[Employee_ID]],'02_Employee_Master'!$A$1:$C$12,3,FALSE),"Department Name Missing") -> Sales | M134: =IF('03_Clean_data'!D134="","Missing",IFERROR(IF(VLOOKUP(D134,'03_Product_Master'!$A$1:$D$14,1,FALSE)='03_Clean_data'!D134,"Valid","Invalid"),"Invalid")) -> Valid | N134: =IFERROR(VLOOKUP(tbl_clean_sales[[#This Row],[Product_ID]],'03_Product_Master'!$A$1:$D$14,2,FALSE),"Missing") -> Dish Wash | O134: =IFERROR(VLOOKUP(tbl_clean_sales[[#This Row],[Product_ID]],'03_Product_Master'!$A$1:$D$14,3,FALSE),"Missing") -> Home Care | P134: =IFERROR(VLOOKUP(tbl_clean_sales[[#This Row],[Product_ID]],'03_Product_Master'!$A$1:$D$14,4,FALSE),"Missing") -> 190 | Q134: =IF('03_Clean_data'!E134="","Missing",IFERROR(IF(VLOOKUP(E134,'04_Branch_Master'!$A$1:$C$7,1,FALSE)='03_Clean_data'!E134,"Valid","Invalid"),"Invalid")) -> Valid | R134: =IFERROR(VLOOKUP(tbl_clean_sales[[#This Row],[Branch_ID]],'04_Branch_Master'!$A$1:$C$7,2,FALSE),"Missing") -> Palladam | S134: =IFERROR(VLOOKUP(tbl_clean_sales[[#This Row],[Branch_ID]],'04_Branch_Master'!$A$1:$C$7,3,FALSE),"Missing") -> South | T134: =C134&"|"&TEXT(tbl_clean_sales[[#This Row],[Date]],"yyyymm") -> E005|202605 | U134: =IFERROR(INDEX('05_Target_Master'!$A$1:$F$32,MATCH(tbl_clean_sales[[#This Row],[target key]],'05_Target_Master'!$F$1:$F$32,0),3),"Missing") -> 143700
A135: 46191 | B135: INV100134 | C135: E002 | E135: B001 | F135: 5 | G135: 736.6 | H135: =IF(COUNTIF(tbl_clean_sales[Invoice_ID],tbl_clean_sales[[#This Row],[Invoice_ID]])>1,"Duplicate","Unique") -> Unique | J135: =IF(tbl_clean_sales[[#This Row],[Employee_ID]]="","Missing",IFERROR(IF(VLOOKUP(tbl_clean_sales[[#This Row],[Employee_ID]],'02_Employee_Master'!$A$1:$C$12,1,FALSE)=tbl_clean_sales[[#This Row],[Employee_ID]],"Valid","Invalid"),"Invalid")) -> Valid | K135: =IFERROR(VLOOKUP(tbl_clean_sales[[#This Row],[Employee_ID]],'02_Employee_Master'!$A$1:$C$12,2,FALSE),"Employee Name Missing") -> Priya S | L135: =IFERROR(VLOOKUP(tbl_clean_sales[[#This Row],[Employee_ID]],'02_Employee_Master'!$A$1:$C$12,3,FALSE),"Department Name Missing") -> Sales | M135: =IF('03_Clean_data'!D135="","Missing",IFERROR(IF(VLOOKUP(D135,'03_Product_Master'!$A$1:$D$14,1,FALSE)='03_Clean_data'!D135,"Valid","Invalid"),"Invalid")) -> Missing | N135: =IFERROR(VLOOKUP(tbl_clean_sales[[#This Row],[Product_ID]],'03_Product_Master'!$A$1:$D$14,2,FALSE),"Missing") -> Missing | O135: =IFERROR(VLOOKUP(tbl_clean_sales[[#This Row],[Product_ID]],'03_Product_Master'!$A$1:$D$14,3,FALSE),"Missing") -> Missing | P135: =IFERROR(VLOOKUP(tbl_clean_sales[[#This Row],[Product_ID]],'03_Product_Master'!$A$1:$D$14,4,FALSE),"Missing") -> Missing | Q135: =IF('03_Clean_data'!E135="","Missing",IFERROR(IF(VLOOKUP(E135,'04_Branch_Master'!$A$1:$C$7,1,FALSE)='03_Clean_data'!E135,"Valid","Invalid"),"Invalid")) -> Valid | R135: =IFERROR(VLOOKUP(tbl_clean_sales[[#This Row],[Branch_ID]],'04_Branch_Master'!$A$1:$C$7,2,FALSE),"Missing") -> Tirupur Central | S135: =IFERROR(VLOOKUP(tbl_clean_sales[[#This Row],[Branch_ID]],'04_Branch_Master'!$A$1:$C$7,3,FALSE),"Missing") -> North | T135: =C135&"|"&TEXT(tbl_clean_sales[[#This Row],[Date]],"yyyymm") -> E002|202606 | U135: =IFERROR(INDEX('05_Target_Master'!$A$1:$F$32,MATCH(tbl_clean_sales[[#This Row],[target key]],'05_Target_Master'!$F$1:$F$32,0),3),"Missing") -> 117400
A136: 46133 | B136: INV100135 | C136: E004 | D136: P003 | E136: B002 | F136: 3 | G136: 1049.66 | H136: =IF(COUNTIF(tbl_clean_sales[Invoice_ID],tbl_clean_sales[[#This Row],[Invoice_ID]])>1,"Duplicate","Unique") -> Unique | J136: =IF(tbl_clean_sales[[#This Row],[Employee_ID]]="","Missing",IFERROR(IF(VLOOKUP(tbl_clean_sales[[#This Row],[Employee_ID]],'02_Employee_Master'!$A$1:$C$12,1,FALSE)=tbl_clean_sales[[#This Row],[Employee_ID]],"Valid","Invalid"),"Invalid")) -> Valid | K136: =IFERROR(VLOOKUP(tbl_clean_sales[[#This Row],[Employee_ID]],'02_Employee_Master'!$A$1:$C$12,2,FALSE),"Employee Name Missing") -> Divya R | L136: =IFERROR(VLOOKUP(tbl_clean_sales[[#This Row],[Employee_ID]],'02_Employee_Master'!$A$1:$C$12,3,FALSE),"Department Name Missing") -> Sales | M136: =IF('03_Clean_data'!D136="","Missing",IFERROR(IF(VLOOKUP(D136,'03_Product_Master'!$A$1:$D$14,1,FALSE)='03_Clean_data'!D136,"Valid","Invalid"),"Invalid")) -> Valid | N136: =IFERROR(VLOOKUP(tbl_clean_sales[[#This Row],[Product_ID]],'03_Product_Master'!$A$1:$D$14,2,FALSE),"Missing") -> Instant Coffee | O136: =IFERROR(VLOOKUP(tbl_clean_sales[[#This Row],[Product_ID]],'03_Product_Master'!$A$1:$D$14,3,FALSE),"Missing") -> Beverages | P136: =IFERROR(VLOOKUP(tbl_clean_sales[[#This Row],[Product_ID]],'03_Product_Master'!$A$1:$D$14,4,FALSE),"Missing") -> 350 | Q136: =IF('03_Clean_data'!E136="","Missing",IFERROR(IF(VLOOKUP(E136,'04_Branch_Master'!$A$1:$C$7,1,FALSE)='03_Clean_data'!E136,"Valid","Invalid"),"Invalid")) -> Valid | R136: =IFERROR(VLOOKUP(tbl_clean_sales[[#This Row],[Branch_ID]],'04_Branch_Master'!$A$1:$C$7,2,FALSE),"Missing") -> Avinashi Road | S136: =IFERROR(VLOOKUP(tbl_clean_sales[[#This Row],[Branch_ID]],'04_Branch_Master'!$A$1:$C$7,3,FALSE),"Missing") -> North | T136: =C136&"|"&TEXT(tbl_clean_sales[[#This Row],[Date]],"yyyymm") -> E004|202604 | U136: =IFERROR(INDEX('05_Target_Master'!$A$1:$F$32,MATCH(tbl_clean_sales[[#This Row],[target key]],'05_Target_Master'!$F$1:$F$32,0),3),"Missing") -> 163600
A137: 46170 | B137: INV100136 | C137: E010 | D137: P008 | E137: B005 | F137: 4 | G137: 1004.04 | H137: =IF(COUNTIF(tbl_clean_sales[Invoice_ID],tbl_clean_sales[[#This Row],[Invoice_ID]])>1,"Duplicate","Unique") -> Unique | J137: =IF(tbl_clean_sales[[#This Row],[Employee_ID]]="","Missing",IFERROR(IF(VLOOKUP(tbl_clean_sales[[#This Row],[Employee_ID]],'02_Employee_Master'!$A$1:$C$12,1,FALSE)=tbl_clean_sales[[#This Row],[Employee_ID]],"Valid","Invalid"),"Invalid")) -> Valid | K137: =IFERROR(VLOOKUP(tbl_clean_sales[[#This Row],[Employee_ID]],'02_Employee_Master'!$A$1:$C$12,2,FALSE),"Employee Name Missing") -> Swetha L | L137: =IFERROR(VLOOKUP(tbl_clean_sales[[#This Row],[Employee_ID]],'02_Employee_Master'!$A$1:$C$12,3,FALSE),"Department Name Missing") -> Sales | M137: =IF('03_Clean_data'!D137="","Missing",IFERROR(IF(VLOOKUP(D137,'03_Product_Master'!$A$1:$D$14,1,FALSE)='03_Clean_data'!D137,"Valid","Invalid"),"Invalid")) -> Valid | N137: =IFERROR(VLOOKUP(tbl_clean_sales[[#This Row],[Product_ID]],'03_Product_Master'!$A$1:$D$14,2,FALSE),"Missing") -> Face Wash | O137: =IFERROR(VLOOKUP(tbl_clean_sales[[#This Row],[Product_ID]],'03_Product_Master'!$A$1:$D$14,3,FALSE),"Missing") -> Personal Care | P137: =IFERROR(VLOOKUP(tbl_clean_sales[[#This Row],[Product_ID]],'03_Product_Master'!$A$1:$D$14,4,FALSE),"Missing") -> 260 | Q137: =IF('03_Clean_data'!E137="","Missing",IFERROR(IF(VLOOKUP(E137,'04_Branch_Master'!$A$1:$C$7,1,FALSE)='03_Clean_data'!E137,"Valid","Invalid"),"Invalid")) -> Valid | R137: =IFERROR(VLOOKUP(tbl_clean_sales[[#This Row],[Branch_ID]],'04_Branch_Master'!$A$1:$C$7,2,FALSE),"Missing") -> Dharapuram | S137: =IFERROR(VLOOKUP(tbl_clean_sales[[#This Row],[Branch_ID]],'04_Branch_Master'!$A$1:$C$7,3,FALSE),"Missing") -> South | T137: =C137&"|"&TEXT(tbl_clean_sales[[#This Row],[Date]],"yyyymm") -> E010|202605 | U137: =IFERROR(INDEX('05_Target_Master'!$A$1:$F$32,MATCH(tbl_clean_sales[[#This Row],[target key]],'05_Target_Master'!$F$1:$F$32,0),3),"Missing") -> 131500
A138: 46149 | B138: INV100137 | C138: E008 | D138: P002 | E138: B004 | F138: 5 | G138: 1267.64 | H138: =IF(COUNTIF(tbl_clean_sales[Invoice_ID],tbl_clean_sales[[#This Row],[Invoice_ID]])>1,"Duplicate","Unique") -> Unique | J138: =IF(tbl_clean_sales[[#This Row],[Employee_ID]]="","Missing",IFERROR(IF(VLOOKUP(tbl_clean_sales[[#This Row],[Employee_ID]],'02_Employee_Master'!$A$1:$C$12,1,FALSE)=tbl_clean_sales[[#This Row],[Employee_ID]],"Valid","Invalid"),"Invalid")) -> Valid | K138: =IFERROR(VLOOKUP(tbl_clean_sales[[#This Row],[Employee_ID]],'02_Employee_Master'!$A$1:$C$12,2,FALSE),"Employee Name Missing") -> Nandhini K | L138: =IFERROR(VLOOKUP(tbl_clean_sales[[#This Row],[Employee_ID]],'02_Employee_Master'!$A$1:$C$12,3,FALSE),"Department Name Missing") -> Sales | M138: =IF('03_Clean_data'!D138="","Missing",IFERROR(IF(VLOOKUP(D138,'03_Product_Master'!$A$1:$D$14,1,FALSE)='03_Clean_data'!D138,"Valid","Invalid"),"Invalid")) -> Valid | N138: =IFERROR(VLOOKUP(tbl_clean_sales[[#This Row],[Product_ID]],'03_Product_Master'!$A$1:$D$14,2,FALSE),"Missing") -> Green Tea | O138: =IFERROR(VLOOKUP(tbl_clean_sales[[#This Row],[Product_ID]],'03_Product_Master'!$A$1:$D$14,3,FALSE),"Missing") -> Beverages | P138: =IFERROR(VLOOKUP(tbl_clean_sales[[#This Row],[Product_ID]],'03_Product_Master'!$A$1:$D$14,4,FALSE),"Missing") -> 280 | Q138: =IF('03_Clean_data'!E138="","Missing",IFERROR(IF(VLOOKUP(E138,'04_Branch_Master'!$A$1:$C$7,1,FALSE)='03_Clean_data'!E138,"Valid","Invalid"),"Invalid")) -> Valid | R138: =IFERROR(VLOOKUP(tbl_clean_sales[[#This Row],[Branch_ID]],'04_Branch_Master'!$A$1:$C$7,2,FALSE),"Missing") -> Kangeyam | S138: =IFERROR(VLOOKUP(tbl_clean_sales[[#This Row],[Branch_ID]],'04_Branch_Master'!$A$1:$C$7,3,FALSE),"Missing") -> East | T138: =C138&"|"&TEXT(tbl_clean_sales[[#This Row],[Date]],"yyyymm") -> E008|202605 | U138: =IFERROR(INDEX('05_Target_Master'!$A$1:$F$32,MATCH(tbl_clean_sales[[#This Row],[target key]],'05_Target_Master'!$F$1:$F$32,0),3),"Missing") -> 134100
A139: 46193 | B139: INV100138 | C139: E010 | D139: P011 | E139: B002 | F139: 7 | G139: 2347.22 | H139: =IF(COUNTIF(tbl_clean_sales[Invoice_ID],tbl_clean_sales[[#This Row],[Invoice_ID]])>1,"Duplicate","Unique") -> Unique | J139: =IF(tbl_clean_sales[[#This Row],[Employee_ID]]="","Missing",IFERROR(IF(VLOOKUP(tbl_clean_sales[[#This Row],[Employee_ID]],'02_Employee_Master'!$A$1:$C$12,1,FALSE)=tbl_clean_sales[[#This Row],[Employee_ID]],"Valid","Invalid"),"Invalid")) -> Valid | K139: =IFERROR(VLOOKUP(tbl_clean_sales[[#This Row],[Employee_ID]],'02_Employee_Master'!$A$1:$C$12,2,FALSE),"Employee Name Missing") -> Swetha L | L139: =IFERROR(VLOOKUP(tbl_clean_sales[[#This Row],[Employee_ID]],'02_Employee_Master'!$A$1:$C$12,3,FALSE),"Department Name Missing") -> Sales | M139: =IF('03_Clean_data'!D139="","Missing",IFERROR(IF(VLOOKUP(D139,'03_Product_Master'!$A$1:$D$14,1,FALSE)='03_Clean_data'!D139,"Valid","Invalid"),"Invalid")) -> Valid | N139: =IFERROR(VLOOKUP(tbl_clean_sales[[#This Row],[Product_ID]],'03_Product_Master'!$A$1:$D$14,2,FALSE),"Missing") -> Laundry Liquid | O139: =IFERROR(VLOOKUP(tbl_clean_sales[[#This Row],[Product_ID]],'03_Product_Master'!$A$1:$D$14,3,FALSE),"Missing") -> Home Care | P139: =IFERROR(VLOOKUP(tbl_clean_sales[[#This Row],[Product_ID]],'03_Product_Master'!$A$1:$D$14,4,FALSE),"Missing") -> 340 | Q139: =IF('03_Clean_data'!E139="","Missing",IFERROR(IF(VLOOKUP(E139,'04_Branch_Master'!$A$1:$C$7,1,FALSE)='03_Clean_data'!E139,"Valid","Invalid"),"Invalid")) -> Valid | R139: =IFERROR(VLOOKUP(tbl_clean_sales[[#This Row],[Branch_ID]],'04_Branch_Master'!$A$1:$C$7,2,FALSE),"Missing") -> Avinashi Road | S139: =IFERROR(VLOOKUP(tbl_clean_sales[[#This Row],[Branch_ID]],'04_Branch_Master'!$A$1:$C$7,3,FALSE),"Missing") -> North | T139: =C139&"|"&TEXT(tbl_clean_sales[[#This Row],[Date]],"yyyymm") -> E010|202606 | U139: =IFERROR(INDEX('05_Target_Master'!$A$1:$F$32,MATCH(tbl_clean_sales[[#This Row],[target key]],'05_Target_Master'!$F$1:$F$32,0),3),"Missing") -> 116800
A140: 46141 | B140: INV100139 | C140: E003 | D140: P005 | E140: B001 | F140: 1 | G140: 117.61 | H140: =IF(COUNTIF(tbl_clean_sales[Invoice_ID],tbl_clean_sales[[#This Row],[Invoice_ID]])>1,"Duplicate","Unique") -> Unique | J140: =IF(tbl_clean_sales[[#This Row],[Employee_ID]]="","Missing",IFERROR(IF(VLOOKUP(tbl_clean_sales[[#This Row],[Employee_ID]],'02_Employee_Master'!$A$1:$C$12,1,FALSE)=tbl_clean_sales[[#This Row],[Employee_ID]],"Valid","Invalid"),"Invalid")) -> Valid | K140: =IFERROR(VLOOKUP(tbl_clean_sales[[#This Row],[Employee_ID]],'02_Employee_Master'!$A$1:$C$12,2,FALSE),"Employee Name Missing") -> Rahul M | L140: =IFERROR(VLOOKUP(tbl_clean_sales[[#This Row],[Employee_ID]],'02_Employee_Master'!$A$1:$C$12,3,FALSE),"Department Name Missing") -> Sales | M140: =IF('03_Clean_data'!D140="","Missing",IFERROR(IF(VLOOKUP(D140,'03_Product_Master'!$A$1:$D$14,1,FALSE)='03_Clean_data'!D140,"Valid","Invalid"),"Invalid")) -> Valid | N140: =IFERROR(VLOOKUP(tbl_clean_sales[[#This Row],[Product_ID]],'03_Product_Master'!$A$1:$D$14,2,FALSE),"Missing") -> Chocolate Bar | O140: =IFERROR(VLOOKUP(tbl_clean_sales[[#This Row],[Product_ID]],'03_Product_Master'!$A$1:$D$14,3,FALSE),"Missing") -> Snacks | P140: =IFERROR(VLOOKUP(tbl_clean_sales[[#This Row],[Product_ID]],'03_Product_Master'!$A$1:$D$14,4,FALSE),"Missing") -> 120 | Q140: =IF('03_Clean_data'!E140="","Missing",IFERROR(IF(VLOOKUP(E140,'04_Branch_Master'!$A$1:$C$7,1,FALSE)='03_Clean_data'!E140,"Valid","Invalid"),"Invalid")) -> Valid | R140: =IFERROR(VLOOKUP(tbl_clean_sales[[#This Row],[Branch_ID]],'04_Branch_Master'!$A$1:$C$7,2,FALSE),"Missing") -> Tirupur Central | S140: =IFERROR(VLOOKUP(tbl_clean_sales[[#This Row],[Branch_ID]],'04_Branch_Master'!$A$1:$C$7,3,FALSE),"Missing") -> North | T140: =C140&"|"&TEXT(tbl_clean_sales[[#This Row],[Date]],"yyyymm") -> E003|202604 | U140: =IFERROR(INDEX('05_Target_Master'!$A$1:$F$32,MATCH(tbl_clean_sales[[#This Row],[target key]],'05_Target_Master'!$F$1:$F$32,0),3),"Missing") -> 116600
A141: 46152 | B141: INV100140 | C141: E010 | D141: P012 | E141: B003 | F141: 8 | G141: 1812.54 | H141: =IF(COUNTIF(tbl_clean_sales[Invoice_ID],tbl_clean_sales[[#This Row],[Invoice_ID]])>1,"Duplicate","Unique") -> Unique | J141: =IF(tbl_clean_sales[[#This Row],[Employee_ID]]="","Missing",IFERROR(IF(VLOOKUP(tbl_clean_sales[[#This Row],[Employee_ID]],'02_Employee_Master'!$A$1:$C$12,1,FALSE)=tbl_clean_sales[[#This Row],[Employee_ID]],"Valid","Invalid"),"Invalid")) -> Valid | K141: =IFERROR(VLOOKUP(tbl_clean_sales[[#This Row],[Employee_ID]],'02_Employee_Master'!$A$1:$C$12,2,FALSE),"Employee Name Missing") -> Swetha L | L141: =IFERROR(VLOOKUP(tbl_clean_sales[[#This Row],[Employee_ID]],'02_Employee_Master'!$A$1:$C$12,3,FALSE),"Department Name Missing") -> Sales | M141: =IF('03_Clean_data'!D141="","Missing",IFERROR(IF(VLOOKUP(D141,'03_Product_Master'!$A$1:$D$14,1,FALSE)='03_Clean_data'!D141,"Valid","Invalid"),"Invalid")) -> Valid | N141: =IFERROR(VLOOKUP(tbl_clean_sales[[#This Row],[Product_ID]],'03_Product_Master'!$A$1:$D$14,2,FALSE),"Missing") -> Floor Cleaner | O141: =IFERROR(VLOOKUP(tbl_clean_sales[[#This Row],[Product_ID]],'03_Product_Master'!$A$1:$D$14,3,FALSE),"Missing") -> Home Care | P141: =IFERROR(VLOOKUP(tbl_clean_sales[[#This Row],[Product_ID]],'03_Product_Master'!$A$1:$D$14,4,FALSE),"Missing") -> 230 | Q141: =IF('03_Clean_data'!E141="","Missing",IFERROR(IF(VLOOKUP(E141,'04_Branch_Master'!$A$1:$C$7,1,FALSE)='03_Clean_data'!E141,"Valid","Invalid"),"Invalid")) -> Valid | R141: =IFERROR(VLOOKUP(tbl_clean_sales[[#This Row],[Branch_ID]],'04_Branch_Master'!$A$1:$C$7,2,FALSE),"Missing") -> Palladam | S141: =IFERROR(VLOOKUP(tbl_clean_sales[[#This Row],[Branch_ID]],'04_Branch_Master'!$A$1:$C$7,3,FALSE),"Missing") -> South | T141: =C141&"|"&TEXT(tbl_clean_sales[[#This Row],[Date]],"yyyymm") -> E010|202605 | U141: =IFERROR(INDEX('05_Target_Master'!$A$1:$F$32,MATCH(tbl_clean_sales[[#This Row],[target key]],'05_Target_Master'!$F$1:$F$32,0),3),"Missing") -> 131500
A142: 46201 | B142: INV100141 | C142: E005 | D142: P012 | E142: B003 | F142: 5 | G142: 1080.93 | H142: =IF(COUNTIF(tbl_clean_sales[Invoice_ID],tbl_clean_sales[[#This Row],[Invoice_ID]])>1,"Duplicate","Unique") -> Unique | J142: =IF(tbl_clean_sales[[#This Row],[Employee_ID]]="","Missing",IFERROR(IF(VLOOKUP(tbl_clean_sales[[#This Row],[Employee_ID]],'02_Employee_Master'!$A$1:$C$12,1,FALSE)=tbl_clean_sales[[#This Row],[Employee_ID]],"Valid","Invalid"),"Invalid")) -> Valid | K142: =IFERROR(VLOOKUP(tbl_clean_sales[[#This Row],[Employee_ID]],'02_Employee_Master'!$A$1:$C$12,2,FALSE),"Employee Name Missing") -> Karthik P | L142: =IFERROR(VLOOKUP(tbl_clean_sales[[#This Row],[Employee_ID]],'02_Employee_Master'!$A$1:$C$12,3,FALSE),"Department Name Missing") -> Sales | M142: =IF('03_Clean_data'!D142="","Missing",IFERROR(IF(VLOOKUP(D142,'03_Product_Master'!$A$1:$D$14,1,FALSE)='03_Clean_data'!D142,"Valid","Invalid"),"Invalid")) -> Valid | N142: =IFERROR(VLOOKUP(tbl_clean_sales[[#This Row],[Product_ID]],'03_Product_Master'!$A$1:$D$14,2,FALSE),"Missing") -> Floor Cleaner | O142: =IFERROR(VLOOKUP(tbl_clean_sales[[#This Row],[Product_ID]],'03_Product_Master'!$A$1:$D$14,3,FALSE),"Missing") -> Home Care | P142: =IFERROR(VLOOKUP(tbl_clean_sales[[#This Row],[Product_ID]],'03_Product_Master'!$A$1:$D$14,4,FALSE),"Missing") -> 230 | Q142: =IF('03_Clean_data'!E142="","Missing",IFERROR(IF(VLOOKUP(E142,'04_Branch_Master'!$A$1:$C$7,1,FALSE)='03_Clean_data'!E142,"Valid","Invalid"),"Invalid")) -> Valid | R142: =IFERROR(VLOOKUP(tbl_clean_sales[[#This Row],[Branch_ID]],'04_Branch_Master'!$A$1:$C$7,2,FALSE),"Missing") -> Palladam | S142: =IFERROR(VLOOKUP(tbl_clean_sales[[#This Row],[Branch_ID]],'04_Branch_Master'!$A$1:$C$7,3,FALSE),"Missing") -> South | T142: =C142&"|"&TEXT(tbl_clean_sales[[#This Row],[Date]],"yyyymm") -> E005|202606 | U142: =IFERROR(INDEX('05_Target_Master'!$A$1:$F$32,MATCH(tbl_clean_sales[[#This Row],[target key]],'05_Target_Master'!$F$1:$F$32,0),3),"Missing") -> 127700
A143: 46176 | B143: INV100142 | C143: E008 | D143: P002 | E143: B004 | F143: 7 | G143: 1787.24 | H143: =IF(COUNTIF(tbl_clean_sales[Invoice_ID],tbl_clean_sales[[#This Row],[Invoice_ID]])>1,"Duplicate","Unique") -> Unique | J143: =IF(tbl_clean_sales[[#This Row],[Employee_ID]]="","Missing",IFERROR(IF(VLOOKUP(tbl_clean_sales[[#This Row],[Employee_ID]],'02_Employee_Master'!$A$1:$C$12,1,FALSE)=tbl_clean_sales[[#This Row],[Employee_ID]],"Valid","Invalid"),"Invalid")) -> Valid | K143: =IFERROR(VLOOKUP(tbl_clean_sales[[#This Row],[Employee_ID]],'02_Employee_Master'!$A$1:$C$12,2,FALSE),"Employee Name Missing") -> Nandhini K | L143: =IFERROR(VLOOKUP(tbl_clean_sales[[#This Row],[Employee_ID]],'02_Employee_Master'!$A$1:$C$12,3,FALSE),"Department Name Missing") -> Sales | M143: =IF('03_Clean_data'!D143="","Missing",IFERROR(IF(VLOOKUP(D143,'03_Product_Master'!$A$1:$D$14,1,FALSE)='03_Clean_data'!D143,"Valid","Invalid"),"Invalid")) -> Valid | N143: =IFERROR(VLOOKUP(tbl_clean_sales[[#This Row],[Product_ID]],'03_Product_Master'!$A$1:$D$14,2,FALSE),"Missing") -> Green Tea | O143: =IFERROR(VLOOKUP(tbl_clean_sales[[#This Row],[Product_ID]],'03_Product_Master'!$A$1:$D$14,3,FALSE),"Missing") -> Beverages | P143: =IFERROR(VLOOKUP(tbl_clean_sales[[#This Row],[Product_ID]],'03_Product_Master'!$A$1:$D$14,4,FALSE),"Missing") -> 280 | Q143: =IF('03_Clean_data'!E143="","Missing",IFERROR(IF(VLOOKUP(E143,'04_Branch_Master'!$A$1:$C$7,1,FALSE)='03_Clean_data'!E143,"Valid","Invalid"),"Invalid")) -> Valid | R143: =IFERROR(VLOOKUP(tbl_clean_sales[[#This Row],[Branch_ID]],'04_Branch_Master'!$A$1:$C$7,2,FALSE),"Missing") -> Kangeyam | S143: =IFERROR(VLOOKUP(tbl_clean_sales[[#This Row],[Branch_ID]],'04_Branch_Master'!$A$1:$C$7,3,FALSE),"Missing") -> East | T143: =C143&"|"&TEXT(tbl_clean_sales[[#This Row],[Date]],"yyyymm") -> E008|202606 | U143: =IFERROR(INDEX('05_Target_Master'!$A$1:$F$32,MATCH(tbl_clean_sales[[#This Row],[target key]],'05_Target_Master'!$F$1:$F$32,0),3),"Missing") -> 119200
A144: 46190 | B144: INV100143 | C144: E005 | D144: P001 | E144: B003 | F144: 11 | G144: 4156.54 | H144: =IF(COUNTIF(tbl_clean_sales[Invoice_ID],tbl_clean_sales[[#This Row],[Invoice_ID]])>1,"Duplicate","Unique") -> Unique | J144: =IF(tbl_clean_sales[[#This Row],[Employee_ID]]="","Missing",IFERROR(IF(VLOOKUP(tbl_clean_sales[[#This Row],[Employee_ID]],'02_Employee_Master'!$A$1:$C$12,1,FALSE)=tbl_clean_sales[[#This Row],[Employee_ID]],"Valid","Invalid"),"Invalid")) -> Valid | K144: =IFERROR(VLOOKUP(tbl_clean_sales[[#This Row],[Employee_ID]],'02_Employee_Master'!$A$1:$C$12,2,FALSE),"Employee Name Missing") -> Karthik P | L144: =IFERROR(VLOOKUP(tbl_clean_sales[[#This Row],[Employee_ID]],'02_Employee_Master'!$A$1:$C$12,3,FALSE),"Department Name Missing") -> Sales | M144: =IF('03_Clean_data'!D144="","Missing",IFERROR(IF(VLOOKUP(D144,'03_Product_Master'!$A$1:$D$14,1,FALSE)='03_Clean_data'!D144,"Valid","Invalid"),"Invalid")) -> Valid | N144: =IFERROR(VLOOKUP(tbl_clean_sales[[#This Row],[Product_ID]],'03_Product_Master'!$A$1:$D$14,2,FALSE),"Missing") -> Premium Coffee | O144: =IFERROR(VLOOKUP(tbl_clean_sales[[#This Row],[Product_ID]],'03_Product_Master'!$A$1:$D$14,3,FALSE),"Missing") -> Beverages | P144: =IFERROR(VLOOKUP(tbl_clean_sales[[#This Row],[Product_ID]],'03_Product_Master'!$A$1:$D$14,4,FALSE),"Missing") -> 420 | Q144: =IF('03_Clean_data'!E144="","Missing",IFERROR(IF(VLOOKUP(E144,'04_Branch_Master'!$A$1:$C$7,1,FALSE)='03_Clean_data'!E144,"Valid","Invalid"),"Invalid")) -> Valid | R144: =IFERROR(VLOOKUP(tbl_clean_sales[[#This Row],[Branch_ID]],'04_Branch_Master'!$A$1:$C$7,2,FALSE),"Missing") -> Palladam | S144: =IFERROR(VLOOKUP(tbl_clean_sales[[#This Row],[Branch_ID]],'04_Branch_Master'!$A$1:$C$7,3,FALSE),"Missing") -> South | T144: =C144&"|"&TEXT(tbl_clean_sales[[#This Row],[Date]],"yyyymm") -> E005|202606 | U144: =IFERROR(INDEX('05_Target_Master'!$A$1:$F$32,MATCH(tbl_clean_sales[[#This Row],[target key]],'05_Target_Master'!$F$1:$F$32,0),3),"Missing") -> 127700
A145: 46186 | B145: INV100144 | C145: E010 | D145: P001 | E145: B003 | F145: 10 | G145: 4179.72 | H145: =IF(COUNTIF(tbl_clean_sales[Invoice_ID],tbl_clean_sales[[#This Row],[Invoice_ID]])>1,"Duplicate","Unique") -> Unique | J145: =IF(tbl_clean_sales[[#This Row],[Employee_ID]]="","Missing",IFERROR(IF(VLOOKUP(tbl_clean_sales[[#This Row],[Employee_ID]],'02_Employee_Master'!$A$1:$C$12,1,FALSE)=tbl_clean_sales[[#This Row],[Employee_ID]],"Valid","Invalid"),"Invalid")) -> Valid | K145: =IFERROR(VLOOKUP(tbl_clean_sales[[#This Row],[Employee_ID]],'02_Employee_Master'!$A$1:$C$12,2,FALSE),"Employee Name Missing") -> Swetha L | L145: =IFERROR(VLOOKUP(tbl_clean_sales[[#This Row],[Employee_ID]],'02_Employee_Master'!$A$1:$C$12,3,FALSE),"Department Name Missing") -> Sales | M145: =IF('03_Clean_data'!D145="","Missing",IFERROR(IF(VLOOKUP(D145,'03_Product_Master'!$A$1:$D$14,1,FALSE)='03_Clean_data'!D145,"Valid","Invalid"),"Invalid")) -> Valid | N145: =IFERROR(VLOOKUP(tbl_clean_sales[[#This Row],[Product_ID]],'03_Product_Master'!$A$1:$D$14,2,FALSE),"Missing") -> Premium Coffee | O145: =IFERROR(VLOOKUP(tbl_clean_sales[[#This Row],[Product_ID]],'03_Product_Master'!$A$1:$D$14,3,FALSE),"Missing") -> Beverages | P145: =IFERROR(VLOOKUP(tbl_clean_sales[[#This Row],[Product_ID]],'03_Product_Master'!$A$1:$D$14,4,FALSE),"Missing") -> 420 | Q145: =IF('03_Clean_data'!E145="","Missing",IFERROR(IF(VLOOKUP(E145,'04_Branch_Master'!$A$1:$C$7,1,FALSE)='03_Clean_data'!E145,"Valid","Invalid"),"Invalid")) -> Valid | R145: =IFERROR(VLOOKUP(tbl_clean_sales[[#This Row],[Branch_ID]],'04_Branch_Master'!$A$1:$C$7,2,FALSE),"Missing") -> Palladam | S145: =IFERROR(VLOOKUP(tbl_clean_sales[[#This Row],[Branch_ID]],'04_Branch_Master'!$A$1:$C$7,3,FALSE),"Missing") -> South | T145: =C145&"|"&TEXT(tbl_clean_sales[[#This Row],[Date]],"yyyymm") -> E010|202606 | U145: =IFERROR(INDEX('05_Target_Master'!$A$1:$F$32,MATCH(tbl_clean_sales[[#This Row],[target key]],'05_Target_Master'!$F$1:$F$32,0),3),"Missing") -> 116800
A146: 46135 | B146: INV100145 | C146: E008 | D146: P009 | E146: B004 | F146: 5 | G146: 1907.53 | H146: =IF(COUNTIF(tbl_clean_sales[Invoice_ID],tbl_clean_sales[[#This Row],[Invoice_ID]])>1,"Duplicate","Unique") -> Unique | J146: =IF(tbl_clean_sales[[#This Row],[Employee_ID]]="","Missing",IFERROR(IF(VLOOKUP(tbl_clean_sales[[#This Row],[Employee_ID]],'02_Employee_Master'!$A$1:$C$12,1,FALSE)=tbl_clean_sales[[#This Row],[Employee_ID]],"Valid","Invalid"),"Invalid")) -> Valid | K146: =IFERROR(VLOOKUP(tbl_clean_sales[[#This Row],[Employee_ID]],'02_Employee_Master'!$A$1:$C$12,2,FALSE),"Employee Name Missing") -> Nandhini K | L146: =IFERROR(VLOOKUP(tbl_clean_sales[[#This Row],[Employee_ID]],'02_Employee_Master'!$A$1:$C$12,3,FALSE),"Department Name Missing") -> Sales | M146: =IF('03_Clean_data'!D146="","Missing",IFERROR(IF(VLOOKUP(D146,'03_Product_Master'!$A$1:$D$14,1,FALSE)='03_Clean_data'!D146,"Valid","Invalid"),"Invalid")) -> Valid | N146: =IFERROR(VLOOKUP(tbl_clean_sales[[#This Row],[Product_ID]],'03_Product_Master'!$A$1:$D$14,2,FALSE),"Missing") -> Body Lotion | O146: =IFERROR(VLOOKUP(tbl_clean_sales[[#This Row],[Product_ID]],'03_Product_Master'!$A$1:$D$14,3,FALSE),"Missing") -> Personal Care | P146: =IFERROR(VLOOKUP(tbl_clean_sales[[#This Row],[Product_ID]],'03_Product_Master'!$A$1:$D$14,4,FALSE),"Missing") -> 390 | Q146: =IF('03_Clean_data'!E146="","Missing",IFERROR(IF(VLOOKUP(E146,'04_Branch_Master'!$A$1:$C$7,1,FALSE)='03_Clean_data'!E146,"Valid","Invalid"),"Invalid")) -> Valid | R146: =IFERROR(VLOOKUP(tbl_clean_sales[[#This Row],[Branch_ID]],'04_Branch_Master'!$A$1:$C$7,2,FALSE),"Missing") -> Kangeyam | S146: =IFERROR(VLOOKUP(tbl_clean_sales[[#This Row],[Branch_ID]],'04_Branch_Master'!$A$1:$C$7,3,FALSE),"Missing") -> East | T146: =C146&"|"&TEXT(tbl_clean_sales[[#This Row],[Date]],"yyyymm") -> E008|202604 | U146: =IFERROR(INDEX('05_Target_Master'!$A$1:$F$32,MATCH(tbl_clean_sales[[#This Row],[target key]],'05_Target_Master'!$F$1:$F$32,0),3),"Missing") -> 124100
A147: 46187 | B147: INV100146 | C147: E007 | D147: P011 | E147: B001 | F147: 8 | G147: 2606.43 | H147: =IF(COUNTIF(tbl_clean_sales[Invoice_ID],tbl_clean_sales[[#This Row],[Invoice_ID]])>1,"Duplicate","Unique") -> Unique | J147: =IF(tbl_clean_sales[[#This Row],[Employee_ID]]="","Missing",IFERROR(IF(VLOOKUP(tbl_clean_sales[[#This Row],[Employee_ID]],'02_Employee_Master'!$A$1:$C$12,1,FALSE)=tbl_clean_sales[[#This Row],[Employee_ID]],"Valid","Invalid"),"Invalid")) -> Valid | K147: =IFERROR(VLOOKUP(tbl_clean_sales[[#This Row],[Employee_ID]],'02_Employee_Master'!$A$1:$C$12,2,FALSE),"Employee Name Missing") -> Suresh B | L147: =IFERROR(VLOOKUP(tbl_clean_sales[[#This Row],[Employee_ID]],'02_Employee_Master'!$A$1:$C$12,3,FALSE),"Department Name Missing") -> Sales | M147: =IF('03_Clean_data'!D147="","Missing",IFERROR(IF(VLOOKUP(D147,'03_Product_Master'!$A$1:$D$14,1,FALSE)='03_Clean_data'!D147,"Valid","Invalid"),"Invalid")) -> Valid | N147: =IFERROR(VLOOKUP(tbl_clean_sales[[#This Row],[Product_ID]],'03_Product_Master'!$A$1:$D$14,2,FALSE),"Missing") -> Laundry Liquid | O147: =IFERROR(VLOOKUP(tbl_clean_sales[[#This Row],[Product_ID]],'03_Product_Master'!$A$1:$D$14,3,FALSE),"Missing") -> Home Care | P147: =IFERROR(VLOOKUP(tbl_clean_sales[[#This Row],[Product_ID]],'03_Product_Master'!$A$1:$D$14,4,FALSE),"Missing") -> 340 | Q147: =IF('03_Clean_data'!E147="","Missing",IFERROR(IF(VLOOKUP(E147,'04_Branch_Master'!$A$1:$C$7,1,FALSE)='03_Clean_data'!E147,"Valid","Invalid"),"Invalid")) -> Valid | R147: =IFERROR(VLOOKUP(tbl_clean_sales[[#This Row],[Branch_ID]],'04_Branch_Master'!$A$1:$C$7,2,FALSE),"Missing") -> Tirupur Central | S147: =IFERROR(VLOOKUP(tbl_clean_sales[[#This Row],[Branch_ID]],'04_Branch_Master'!$A$1:$C$7,3,FALSE),"Missing") -> North | T147: =C147&"|"&TEXT(tbl_clean_sales[[#This Row],[Date]],"yyyymm") -> E007|202606 | U147: =IFERROR(INDEX('05_Target_Master'!$A$1:$F$32,MATCH(tbl_clean_sales[[#This Row],[target key]],'05_Target_Master'!$F$1:$F$32,0),3),"Missing") -> 124400
... A163: 46202 | B163: INV100162 | C163: E004 | D163: P010 | E163: B002 | F163: 7 | G163: 1323.03 | H163: =IF(COUNTIF(tbl_clean_sales[Invoice_ID],tbl_clean_sales[[#This Row],[Invoice_ID]])>1,"Duplicate","Unique") -> Unique | J163: =IF(tbl_clean_sales[[#This Row],[Employee_ID]]="","Missing",IFERROR(IF(VLOOKUP(tbl_clean_sales[[#This Row],[Employee_ID]],'02_Employee_Master'!$A$1:$C$12,1,FALSE)=tbl_clean_sales[[#This Row],[Employee_ID]],"Valid","Invalid"),"Invalid")) -> Valid | K163: =IFERROR(VLOOKUP(tbl_clean_sales[[#This Row],[Employee_ID]],'02_Employee_Master'!$A$1:$C$12,2,FALSE),"Employee Name Missing") -> Divya R | L163: =IFERROR(VLOOKUP(tbl_clean_sales[[#This Row],[Employee_ID]],'02_Employee_Master'!$A$1:$C$12,3,FALSE),"Department Name Missing") -> Sales | M163: =IF('03_Clean_data'!D163="","Missing",IFERROR(IF(VLOOKUP(D163,'03_Product_Master'!$A$1:$D$14,1,FALSE)='03_Clean_data'!D163,"Valid","Invalid"),"Invalid")) -> Valid | N163: =IFERROR(VLOOKUP(tbl_clean_sales[[#This Row],[Product_ID]],'03_Product_Master'!$A$1:$D$14,2,FALSE),"Missing") -> Dish Wash | O163: =IFERROR(VLOOKUP(tbl_clean_sales[[#This Row],[Product_ID]],'03_Product_Master'!$A$1:$D$14,3,FALSE),"Missing") -> Home Care | P163: =IFERROR(VLOOKUP(tbl_clean_sales[[#This Row],[Product_ID]],'03_Product_Master'!$A$1:$D$14,4,FALSE),"Missing") -> 190 | Q163: =IF('03_Clean_data'!E163="","Missing",IFERROR(IF(VLOOKUP(E163,'04_Branch_Master'!$A$1:$C$7,1,FALSE)='03_Clean_data'!E163,"Valid","Invalid"),"Invalid")) -> Valid | R163: =IFERROR(VLOOKUP(tbl_clean_sales[[#This Row],[Branch_ID]],'04_Branch_Master'!$A$1:$C$7,2,FALSE),"Missing") -> Avinashi Road | S163: =IFERROR(VLOOKUP(tbl_clean_sales[[#This Row],[Branch_ID]],'04_Branch_Master'!$A$1:$C$7,3,FALSE),"Missing") -> North | T163: =C163&"|"&TEXT(tbl_clean_sales[[#This Row],[Date]],"yyyymm") -> E004|202606 | U163: =IFERROR(INDEX('05_Target_Master'!$A$1:$F$32,MATCH(tbl_clean_sales[[#This Row],[target key]],'05_Target_Master'!$F$1:$F$32,0),3),"Missing") -> 157100
A164: 46173 | B164: INV100163 | C164: E007 | D164: P007 | F164: 8 | G164: 2192.87 | H164: =IF(COUNTIF(tbl_clean_sales[Invoice_ID],tbl_clean_sales[[#This Row],[Invoice_ID]])>1,"Duplicate","Unique") -> Unique | J164: =IF(tbl_clean_sales[[#This Row],[Employee_ID]]="","Missing",IFERROR(IF(VLOOKUP(tbl_clean_sales[[#This Row],[Employee_ID]],'02_Employee_Master'!$A$1:$C$12,1,FALSE)=tbl_clean_sales[[#This Row],[Employee_ID]],"Valid","Invalid"),"Invalid")) -> Valid | K164: =IFERROR(VLOOKUP(tbl_clean_sales[[#This Row],[Employee_ID]],'02_Employee_Master'!$A$1:$C$12,2,FALSE),"Employee Name Missing") -> Suresh B | L164: =IFERROR(VLOOKUP(tbl_clean_sales[[#This Row],[Employee_ID]],'02_Employee_Master'!$A$1:$C$12,3,FALSE),"Department Name Missing") -> Sales | M164: =IF('03_Clean_data'!D164="","Missing",IFERROR(IF(VLOOKUP(D164,'03_Product_Master'!$A$1:$D$14,1,FALSE)='03_Clean_data'!D164,"Valid","Invalid"),"Invalid")) -> Valid | N164: =IFERROR(VLOOKUP(tbl_clean_sales[[#This Row],[Product_ID]],'03_Product_Master'!$A$1:$D$14,2,FALSE),"Missing") -> Shampoo | O164: =IFERROR(VLOOKUP(tbl_clean_sales[[#This Row],[Product_ID]],'03_Product_Master'!$A$1:$D$14,3,FALSE),"Missing") -> Personal Care | P164: =IFERROR(VLOOKUP(tbl_clean_sales[[#This Row],[Product_ID]],'03_Product_Master'!$A$1:$D$14,4,FALSE),"Missing") -> 310 | Q164: =IF('03_Clean_data'!E164="","Missing",IFERROR(IF(VLOOKUP(E164,'04_Branch_Master'!$A$1:$C$7,1,FALSE)='03_Clean_data'!E164,"Valid","Invalid"),"Invalid")) -> Missing | R164: =IFERROR(VLOOKUP(tbl_clean_sales[[#This Row],[Branch_ID]],'04_Branch_Master'!$A$1:$C$7,2,FALSE),"Missing") -> Missing | S164: =IFERROR(VLOOKUP(tbl_clean_sales[[#This Row],[Branch_ID]],'04_Branch_Master'!$A$1:$C$7,3,FALSE),"Missing") -> Missing | T164: =C164&"|"&TEXT(tbl_clean_sales[[#This Row],[Date]],"yyyymm") -> E007|202605 | U164: =IFERROR(INDEX('05_Target_Master'!$A$1:$F$32,MATCH(tbl_clean_sales[[#This Row],[target key]],'05_Target_Master'!$F$1:$F$32,0),3),"Missing") -> 140000
A165: 46129 | B165: INV100164 | C165: E009 | D165: P010 | E165: B005 | F165: 2 | G165: 340.14 | H165: =IF(COUNTIF(tbl_clean_sales[Invoice_ID],tbl_clean_sales[[#This Row],[Invoice_ID]])>1,"Duplicate","Unique") -> Unique | J165: =IF(tbl_clean_sales[[#This Row],[Employee_ID]]="","Missing",IFERROR(IF(VLOOKUP(tbl_clean_sales[[#This Row],[Employee_ID]],'02_Employee_Master'!$A$1:$C$12,1,FALSE)=tbl_clean_sales[[#This Row],[Employee_ID]],"Valid","Invalid"),"Invalid")) -> Valid | K165: =IFERROR(VLOOKUP(tbl_clean_sales[[#This Row],[Employee_ID]],'02_Employee_Master'!$A$1:$C$12,2,FALSE),"Employee Name Missing") -> Vignesh R | L165: =IFERROR(VLOOKUP(tbl_clean_sales[[#This Row],[Employee_ID]],'02_Employee_Master'!$A$1:$C$12,3,FALSE),"Department Name Missing") -> Sales | M165: =IF('03_Clean_data'!D165="","Missing",IFERROR(IF(VLOOKUP(D165,'03_Product_Master'!$A$1:$D$14,1,FALSE)='03_Clean_data'!D165,"Valid","Invalid"),"Invalid")) -> Valid | N165: =IFERROR(VLOOKUP(tbl_clean_sales[[#This Row],[Product_ID]],'03_Product_Master'!$A$1:$D$14,2,FALSE),"Missing") -> Dish Wash | O165: =IFERROR(VLOOKUP(tbl_clean_sales[[#This Row],[Product_ID]],'03_Product_Master'!$A$1:$D$14,3,FALSE),"Missing") -> Home Care | P165: =IFERROR(VLOOKUP(tbl_clean_sales[[#This Row],[Product_ID]],'03_Product_Master'!$A$1:$D$14,4,FALSE),"Missing") -> 190 | Q165: =IF('03_Clean_data'!E165="","Missing",IFERROR(IF(VLOOKUP(E165,'04_Branch_Master'!$A$1:$C$7,1,FALSE)='03_Clean_data'!E165,"Valid","Invalid"),"Invalid")) -> Valid | R165: =IFERROR(VLOOKUP(tbl_clean_sales[[#This Row],[Branch_ID]],'04_Branch_Master'!$A$1:$C$7,2,FALSE),"Missing") -> Dharapuram | S165: =IFERROR(VLOOKUP(tbl_clean_sales[[#This Row],[Branch_ID]],'04_Branch_Master'!$A$1:$C$7,3,FALSE),"Missing") -> South | T165: =C165&"|"&TEXT(tbl_clean_sales[[#This Row],[Date]],"yyyymm") -> E009|202604 | U165: =IFERROR(INDEX('05_Target_Master'!$A$1:$F$32,MATCH(tbl_clean_sales[[#This Row],[target key]],'05_Target_Master'!$F$1:$F$32,0),3),"Missing") -> 163300
A166: 46169 | B166: INV100165 | C166: E002 | D166: P009 | E166: B001 | F166: 12 | G166: 4599.04 | H166: =IF(COUNTIF(tbl_clean_sales[Invoice_ID],tbl_clean_sales[[#This Row],[Invoice_ID]])>1,"Duplicate","Unique") -> Unique | J166: =IF(tbl_clean_sales[[#This Row],[Employee_ID]]="","Missing",IFERROR(IF(VLOOKUP(tbl_clean_sales[[#This Row],[Employee_ID]],'02_Employee_Master'!$A$1:$C$12,1,FALSE)=tbl_clean_sales[[#This Row],[Employee_ID]],"Valid","Invalid"),"Invalid")) -> Valid | K166: =IFERROR(VLOOKUP(tbl_clean_sales[[#This Row],[Employee_ID]],'02_Employee_Master'!$A$1:$C$12,2,FALSE),"Employee Name Missing") -> Priya S | L166: =IFERROR(VLOOKUP(tbl_clean_sales[[#This Row],[Employee_ID]],'02_Employee_Master'!$A$1:$C$12,3,FALSE),"Department Name Missing") -> Sales | M166: =IF('03_Clean_data'!D166="","Missing",IFERROR(IF(VLOOKUP(D166,'03_Product_Master'!$A$1:$D$14,1,FALSE)='03_Clean_data'!D166,"Valid","Invalid"),"Invalid")) -> Valid | N166: =IFERROR(VLOOKUP(tbl_clean_sales[[#This Row],[Product_ID]],'03_Product_Master'!$A$1:$D$14,2,FALSE),"Missing") -> Body Lotion | O166: =IFERROR(VLOOKUP(tbl_clean_sales[[#This Row],[Product_ID]],'03_Product_Master'!$A$1:$D$14,3,FALSE),"Missing") -> Personal Care | P166: =IFERROR(VLOOKUP(tbl_clean_sales[[#This Row],[Product_ID]],'03_Product_Master'!$A$1:$D$14,4,FALSE),"Missing") -> 390 | Q166: =IF('03_Clean_data'!E166="","Missing",IFERROR(IF(VLOOKUP(E166,'04_Branch_Master'!$A$1:$C$7,1,FALSE)='03_Clean_data'!E166,"Valid","Invalid"),"Invalid")) -> Valid | R166: =IFERROR(VLOOKUP(tbl_clean_sales[[#This Row],[Branch_ID]],'04_Branch_Master'!$A$1:$C$7,2,FALSE),"Missing") -> Tirupur Central | S166: =IFERROR(VLOOKUP(tbl_clean_sales[[#This Row],[Branch_ID]],'04_Branch_Master'!$A$1:$C$7,3,FALSE),"Missing") -> North | T166: =C166&"|"&TEXT(tbl_clean_sales[[#This Row],[Date]],"yyyymm") -> E002|202605 | U166: =IFERROR(INDEX('05_Target_Master'!$A$1:$F$32,MATCH(tbl_clean_sales[[#This Row],[target key]],'05_Target_Master'!$F$1:$F$32,0),3),"Missing") -> 132100
A167: 46196 | B167: INV100166 | C167: E003 | D167: P002 | E167: B002 | F167: 5 | G167: 1343.12 | H167: =IF(COUNTIF(tbl_clean_sales[Invoice_ID],tbl_clean_sales[[#This Row],[Invoice_ID]])>1,"Duplicate","Unique") -> Unique | J167: =IF(tbl_clean_sales[[#This Row],[Employee_ID]]="","Missing",IFERROR(IF(VLOOKUP(tbl_clean_sales[[#This Row],[Employee_ID]],'02_Employee_Master'!$A$1:$C$12,1,FALSE)=tbl_clean_sales[[#This Row],[Employee_ID]],"Valid","Invalid"),"Invalid")) -> Valid | K167: =IFERROR(VLOOKUP(tbl_clean_sales[[#This Row],[Employee_ID]],'02_Employee_Master'!$A$1:$C$12,2,FALSE),"Employee Name Missing") -> Rahul M | L167: =IFERROR(VLOOKUP(tbl_clean_sales[[#This Row],[Employee_ID]],'02_Employee_Master'!$A$1:$C$12,3,FALSE),"Department Name Missing") -> Sales | M167: =IF('03_Clean_data'!D167="","Missing",IFERROR(IF(VLOOKUP(D167,'03_Product_Master'!$A$1:$D$14,1,FALSE)='03_Clean_data'!D167,"Valid","Invalid"),"Invalid")) -> Valid | N167: =IFERROR(VLOOKUP(tbl_clean_sales[[#This Row],[Product_ID]],'03_Product_Master'!$A$1:$D$14,2,FALSE),"Missing") -> Green Tea | O167: =IFERROR(VLOOKUP(tbl_clean_sales[[#This Row],[Product_ID]],'03_Product_Master'!$A$1:$D$14,3,FALSE),"Missing") -> Beverages | P167: =IFERROR(VLOOKUP(tbl_clean_sales[[#This Row],[Product_ID]],'03_Product_Master'!$A$1:$D$14,4,FALSE),"Missing") -> 280 | Q167: =IF('03_Clean_data'!E167="","Missing",IFERROR(IF(VLOOKUP(E167,'04_Branch_Master'!$A$1:$C$7,1,FALSE)='03_Clean_data'!E167,"Valid","Invalid"),"Invalid")) -> Valid | R167: =IFERROR(VLOOKUP(tbl_clean_sales[[#This Row],[Branch_ID]],'04_Branch_Master'!$A$1:$C$7,2,FALSE),"Missing") -> Avinashi Road | S167: =IFERROR(VLOOKUP(tbl_clean_sales[[#This Row],[Branch_ID]],'04_Branch_Master'!$A$1:$C$7,3,FALSE),"Missing") -> North | T167: =C167&"|"&TEXT(tbl_clean_sales[[#This Row],[Date]],"yyyymm") -> E003|202606 | U167: =IFERROR(INDEX('05_Target_Master'!$A$1:$F$32,MATCH(tbl_clean_sales[[#This Row],[target key]],'05_Target_Master'!$F$1:$F$32,0),3),"Missing") -> 112000
A168: 46201 | B168: INV100167 | C168: E007 | D168: P011 | E168: B004 | F168: 6 | G168: 1831.35 | H168: =IF(COUNTIF(tbl_clean_sales[Invoice_ID],tbl_clean_sales[[#This Row],[Invoice_ID]])>1,"Duplicate","Unique") -> Unique | J168: =IF(tbl_clean_sales[[#This Row],[Employee_ID]]="","Missing",IFERROR(IF(VLOOKUP(tbl_clean_sales[[#This Row],[Employee_ID]],'02_Employee_Master'!$A$1:$C$12,1,FALSE)=tbl_clean_sales[[#This Row],[Employee_ID]],"Valid","Invalid"),"Invalid")) -> Valid | K168: =IFERROR(VLOOKUP(tbl_clean_sales[[#This Row],[Employee_ID]],'02_Employee_Master'!$A$1:$C$12,2,FALSE),"Employee Name Missing") -> Suresh B | L168: =IFERROR(VLOOKUP(tbl_clean_sales[[#This Row],[Employee_ID]],'02_Employee_Master'!$A$1:$C$12,3,FALSE),"Department Name Missing") -> Sales | M168: =IF('03_Clean_data'!D168="","Missing",IFERROR(IF(VLOOKUP(D168,'03_Product_Master'!$A$1:$D$14,1,FALSE)='03_Clean_data'!D168,"Valid","Invalid"),"Invalid")) -> Valid | N168: =IFERROR(VLOOKUP(tbl_clean_sales[[#This Row],[Product_ID]],'03_Product_Master'!$A$1:$D$14,2,FALSE),"Missing") -> Laundry Liquid | O168: =IFERROR(VLOOKUP(tbl_clean_sales[[#This Row],[Product_ID]],'03_Product_Master'!$A$1:$D$14,3,FALSE),"Missing") -> Home Care | P168: =IFERROR(VLOOKUP(tbl_clean_sales[[#This Row],[Product_ID]],'03_Product_Master'!$A$1:$D$14,4,FALSE),"Missing") -> 340 | Q168: =IF('03_Clean_data'!E168="","Missing",IFERROR(IF(VLOOKUP(E168,'04_Branch_Master'!$A$1:$C$7,1,FALSE)='03_Clean_data'!E168,"Valid","Invalid"),"Invalid")) -> Valid | R168: =IFERROR(VLOOKUP(tbl_clean_sales[[#This Row],[Branch_ID]],'04_Branch_Master'!$A$1:$C$7,2,FALSE),"Missing") -> Kangeyam | S168: =IFERROR(VLOOKUP(tbl_clean_sales[[#This Row],[Branch_ID]],'04_Branch_Master'!$A$1:$C$7,3,FALSE),"Missing") -> East | T168: =C168&"|"&TEXT(tbl_clean_sales[[#This Row],[Date]],"yyyymm") -> E007|202606 | U168: =IFERROR(INDEX('05_Target_Master'!$A$1:$F$32,MATCH(tbl_clean_sales[[#This Row],[target key]],'05_Target_Master'!$F$1:$F$32,0),3),"Missing") -> 124400
A169: 46181 | B169: INV100168 | C169: E007 | D169: P006 | E169: B004 | F169: 8 | G169: 787.88 | H169: =IF(COUNTIF(tbl_clean_sales[Invoice_ID],tbl_clean_sales[[#This Row],[Invoice_ID]])>1,"Duplicate","Unique") -> Unique | J169: =IF(tbl_clean_sales[[#This Row],[Employee_ID]]="","Missing",IFERROR(IF(VLOOKUP(tbl_clean_sales[[#This Row],[Employee_ID]],'02_Employee_Master'!$A$1:$C$12,1,FALSE)=tbl_clean_sales[[#This Row],[Employee_ID]],"Valid","Invalid"),"Invalid")) -> Valid | K169: =IFERROR(VLOOKUP(tbl_clean_sales[[#This Row],[Employee_ID]],'02_Employee_Master'!$A$1:$C$12,2,FALSE),"Employee Name Missing") -> Suresh B | L169: =IFERROR(VLOOKUP(tbl_clean_sales[[#This Row],[Employee_ID]],'02_Employee_Master'!$A$1:$C$12,3,FALSE),"Department Name Missing") -> Sales | M169: =IF('03_Clean_data'!D169="","Missing",IFERROR(IF(VLOOKUP(D169,'03_Product_Master'!$A$1:$D$14,1,FALSE)='03_Clean_data'!D169,"Valid","Invalid"),"Invalid")) -> Valid | N169: =IFERROR(VLOOKUP(tbl_clean_sales[[#This Row],[Product_ID]],'03_Product_Master'!$A$1:$D$14,2,FALSE),"Missing") -> Potato Chips | O169: =IFERROR(VLOOKUP(tbl_clean_sales[[#This Row],[Product_ID]],'03_Product_Master'!$A$1:$D$14,3,FALSE),"Missing") -> Snacks | P169: =IFERROR(VLOOKUP(tbl_clean_sales[[#This Row],[Product_ID]],'03_Product_Master'!$A$1:$D$14,4,FALSE),"Missing") -> 110 | Q169: =IF('03_Clean_data'!E169="","Missing",IFERROR(IF(VLOOKUP(E169,'04_Branch_Master'!$A$1:$C$7,1,FALSE)='03_Clean_data'!E169,"Valid","Invalid"),"Invalid")) -> Valid | R169: =IFERROR(VLOOKUP(tbl_clean_sales[[#This Row],[Branch_ID]],'04_Branch_Master'!$A$1:$C$7,2,FALSE),"Missing") -> Kangeyam | S169: =IFERROR(VLOOKUP(tbl_clean_sales[[#This Row],[Branch_ID]],'04_Branch_Master'!$A$1:$C$7,3,FALSE),"Missing") -> East | T169: =C169&"|"&TEXT(tbl_clean_sales[[#This Row],[Date]],"yyyymm") -> E007|202606 | U169: =IFERROR(INDEX('05_Target_Master'!$A$1:$F$32,MATCH(tbl_clean_sales[[#This Row],[target key]],'05_Target_Master'!$F$1:$F$32,0),3),"Missing") -> 124400
A170: 46117 | B170: INV100169 | C170: E010 | D170: P002 | E170: B005 | F170: 11 | G170: 2739.62 | H170: =IF(COUNTIF(tbl_clean_sales[Invoice_ID],tbl_clean_sales[[#This Row],[Invoice_ID]])>1,"Duplicate","Unique") -> Unique | J170: =IF(tbl_clean_sales[[#This Row],[Employee_ID]]="","Missing",IFERROR(IF(VLOOKUP(tbl_clean_sales[[#This Row],[Employee_ID]],'02_Employee_Master'!$A$1:$C$12,1,FALSE)=tbl_clean_sales[[#This Row],[Employee_ID]],"Valid","Invalid"),"Invalid")) -> Valid | K170: =IFERROR(VLOOKUP(tbl_clean_sales[[#This Row],[Employee_ID]],'02_Employee_Master'!$A$1:$C$12,2,FALSE),"Employee Name Missing") -> Swetha L | L170: =IFERROR(VLOOKUP(tbl_clean_sales[[#This Row],[Employee_ID]],'02_Employee_Master'!$A$1:$C$12,3,FALSE),"Department Name Missing") -> Sales | M170: =IF('03_Clean_data'!D170="","Missing",IFERROR(IF(VLOOKUP(D170,'03_Product_Master'!$A$1:$D$14,1,FALSE)='03_Clean_data'!D170,"Valid","Invalid"),"Invalid")) -> Valid | N170: =IFERROR(VLOOKUP(tbl_clean_sales[[#This Row],[Product_ID]],'03_Product_Master'!$A$1:$D$14,2,FALSE),"Missing") -> Green Tea | O170: =IFERROR(VLOOKUP(tbl_clean_sales[[#This Row],[Product_ID]],'03_Product_Master'!$A$1:$D$14,3,FALSE),"Missing") -> Beverages | P170: =IFERROR(VLOOKUP(tbl_clean_sales[[#This Row],[Product_ID]],'03_Product_Master'!$A$1:$D$14,4,FALSE),"Missing") -> 280 | Q170: =IF('03_Clean_data'!E170="","Missing",IFERROR(IF(VLOOKUP(E170,'04_Branch_Master'!$A$1:$C$7,1,FALSE)='03_Clean_data'!E170,"Valid","Invalid"),"Invalid")) -> Valid | R170: =IFERROR(VLOOKUP(tbl_clean_sales[[#This Row],[Branch_ID]],'04_Branch_Master'!$A$1:$C$7,2,FALSE),"Missing") -> Dharapuram | S170: =IFERROR(VLOOKUP(tbl_clean_sales[[#This Row],[Branch_ID]],'04_Branch_Master'!$A$1:$C$7,3,FALSE),"Missing") -> South | T170: =C170&"|"&TEXT(tbl_clean_sales[[#This Row],[Date]],"yyyymm") -> E010|202604 | U170: =IFERROR(INDEX('05_Target_Master'!$A$1:$F$32,MATCH(tbl_clean_sales[[#This Row],[target key]],'05_Target_Master'!$F$1:$F$32,0),3),"Missing") -> 121700
A171: 46142 | B171: INV100170 | C171: E002 | D171: P007 | E171: B001 | F171: 8 | G171: 2430.49 | H171: =IF(COUNTIF(tbl_clean_sales[Invoice_ID],tbl_clean_sales[[#This Row],[Invoice_ID]])>1,"Duplicate","Unique") -> Unique | J171: =IF(tbl_clean_sales[[#This Row],[Employee_ID]]="","Missing",IFERROR(IF(VLOOKUP(tbl_clean_sales[[#This Row],[Employee_ID]],'02_Employee_Master'!$A$1:$C$12,1,FALSE)=tbl_clean_sales[[#This Row],[Employee_ID]],"Valid","Invalid"),"Invalid")) -> Valid | K171: =IFERROR(VLOOKUP(tbl_clean_sales[[#This Row],[Employee_ID]],'02_Employee_Master'!$A$1:$C$12,2,FALSE),"Employee Name Missing") -> Priya S | L171: =IFERROR(VLOOKUP(tbl_clean_sales[[#This Row],[Employee_ID]],'02_Employee_Master'!$A$1:$C$12,3,FALSE),"Department Name Missing") -> Sales | M171: =IF('03_Clean_data'!D171="","Missing",IFERROR(IF(VLOOKUP(D171,'03_Product_Master'!$A$1:$D$14,1,FALSE)='03_Clean_data'!D171,"Valid","Invalid"),"Invalid")) -> Valid | N171: =IFERROR(VLOOKUP(tbl_clean_sales[[#This Row],[Product_ID]],'03_Product_Master'!$A$1:$D$14,2,FALSE),"Missing") -> Shampoo | O171: =IFERROR(VLOOKUP(tbl_clean_sales[[#This Row],[Product_ID]],'03_Product_Master'!$A$1:$D$14,3,FALSE),"Missing") -> Personal Care | P171: =IFERROR(VLOOKUP(tbl_clean_sales[[#This Row],[Product_ID]],'03_Product_Master'!$A$1:$D$14,4,FALSE),"Missing") -> 310 | Q171: =IF('03_Clean_data'!E171="","Missing",IFERROR(IF(VLOOKUP(E171,'04_Branch_Master'!$A$1:$C$7,1,FALSE)='03_Clean_data'!E171,"Valid","Invalid"),"Invalid")) -> Valid | R171: =IFERROR(VLOOKUP(tbl_clean_sales[[#This Row],[Branch_ID]],'04_Branch_Master'!$A$1:$C$7,2,FALSE),"Missing") -> Tirupur Central | S171: =IFERROR(VLOOKUP(tbl_clean_sales[[#This Row],[Branch_ID]],'04_Branch_Master'!$A$1:$C$7,3,FALSE),"Missing") -> North | T171: =C171&"|"&TEXT(tbl_clean_sales[[#This Row],[Date]],"yyyymm") -> E002|202604 | U171: =IFERROR(INDEX('05_Target_Master'!$A$1:$F$32,MATCH(tbl_clean_sales[[#This Row],[target key]],'05_Target_Master'!$F$1:$F$32,0),3),"Missing") -> 122300
A172: 46151 | B172: INV100171 | C172: E001 | D172: P001 | E172: B001 | F172: 1 | G172: 405.21 | H172: =IF(COUNTIF(tbl_clean_sales[Invoice_ID],tbl_clean_sales[[#This Row],[Invoice_ID]])>1,"Duplicate","Unique") -> Unique | J172: =IF(tbl_clean_sales[[#This Row],[Employee_ID]]="","Missing",IFERROR(IF(VLOOKUP(tbl_clean_sales[[#This Row],[Employee_ID]],'02_Employee_Master'!$A$1:$C$12,1,FALSE)=tbl_clean_sales[[#This Row],[Employee_ID]],"Valid","Invalid"),"Invalid")) -> Valid | K172: =IFERROR(VLOOKUP(tbl_clean_sales[[#This Row],[Employee_ID]],'02_Employee_Master'!$A$1:$C$12,2,FALSE),"Employee Name Missing") -> Arun Kumar | L172: =IFERROR(VLOOKUP(tbl_clean_sales[[#This Row],[Employee_ID]],'02_Employee_Master'!$A$1:$C$12,3,FALSE),"Department Name Missing") -> Sales | M172: =IF('03_Clean_data'!D172="","Missing",IFERROR(IF(VLOOKUP(D172,'03_Product_Master'!$A$1:$D$14,1,FALSE)='03_Clean_data'!D172,"Valid","Invalid"),"Invalid")) -> Valid | N172: =IFERROR(VLOOKUP(tbl_clean_sales[[#This Row],[Product_ID]],'03_Product_Master'!$A$1:$D$14,2,FALSE),"Missing") -> Premium Coffee | O172: =IFERROR(VLOOKUP(tbl_clean_sales[[#This Row],[Product_ID]],'03_Product_Master'!$A$1:$D$14,3,FALSE),"Missing") -> Beverages | P172: =IFERROR(VLOOKUP(tbl_clean_sales[[#This Row],[Product_ID]],'03_Product_Master'!$A$1:$D$14,4,FALSE),"Missing") -> 420 | Q172: =IF('03_Clean_data'!E172="","Missing",IFERROR(IF(VLOOKUP(E172,'04_Branch_Master'!$A$1:$C$7,1,FALSE)='03_Clean_data'!E172,"Valid","Invalid"),"Invalid")) -> Valid | R172: =IFERROR(VLOOKUP(tbl_clean_sales[[#This Row],[Branch_ID]],'04_Branch_Master'!$A$1:$C$7,2,FALSE),"Missing") -> Tirupur Central | S172: =IFERROR(VLOOKUP(tbl_clean_sales[[#This Row],[Branch_ID]],'04_Branch_Master'!$A$1:$C$7,3,FALSE),"Missing") -> North | T172: =C172&"|"&TEXT(tbl_clean_sales[[#This Row],[Date]],"yyyymm") -> E001|202605 | U172: =IFERROR(INDEX('05_Target_Master'!$A$1:$F$32,MATCH(tbl_clean_sales[[#This Row],[target key]],'05_Target_Master'!$F$1:$F$32,0),3),"Missing") -> 169500
A173: 46160 | B173: INV100172 | C173: E007 | D173: P003 | E173: B004 | F173: 7 | G173: 2283.62 | H173: =IF(COUNTIF(tbl_clean_sales[Invoice_ID],tbl_clean_sales[[#This Row],[Invoice_ID]])>1,"Duplicate","Unique") -> Unique | J173: =IF(tbl_clean_sales[[#This Row],[Employee_ID]]="","Missing",IFERROR(IF(VLOOKUP(tbl_clean_sales[[#This Row],[Employee_ID]],'02_Employee_Master'!$A$1:$C$12,1,FALSE)=tbl_clean_sales[[#This Row],[Employee_ID]],"Valid","Invalid"),"Invalid")) -> Valid | K173: =IFERROR(VLOOKUP(tbl_clean_sales[[#This Row],[Employee_ID]],'02_Employee_Master'!$A$1:$C$12,2,FALSE),"Employee Name Missing") -> Suresh B | L173: =IFERROR(VLOOKUP(tbl_clean_sales[[#This Row],[Employee_ID]],'02_Employee_Master'!$A$1:$C$12,3,FALSE),"Department Name Missing") -> Sales | M173: =IF('03_Clean_data'!D173="","Missing",IFERROR(IF(VLOOKUP(D173,'03_Product_Master'!$A$1:$D$14,1,FALSE)='03_Clean_data'!D173,"Valid","Invalid"),"Invalid")) -> Valid | N173: =IFERROR(VLOOKUP(tbl_clean_sales[[#This Row],[Product_ID]],'03_Product_Master'!$A$1:$D$14,2,FALSE),"Missing") -> Instant Coffee | O173: =IFERROR(VLOOKUP(tbl_clean_sales[[#This Row],[Product_ID]],'03_Product_Master'!$A$1:$D$14,3,FALSE),"Missing") -> Beverages | P173: =IFERROR(VLOOKUP(tbl_clean_sales[[#This Row],[Product_ID]],'03_Product_Master'!$A$1:$D$14,4,FALSE),"Missing") -> 350 | Q173: =IF('03_Clean_data'!E173="","Missing",IFERROR(IF(VLOOKUP(E173,'04_Branch_Master'!$A$1:$C$7,1,FALSE)='03_Clean_data'!E173,"Valid","Invalid"),"Invalid")) -> Valid | R173: =IFERROR(VLOOKUP(tbl_clean_sales[[#This Row],[Branch_ID]],'04_Branch_Master'!$A$1:$C$7,2,FALSE),"Missing") -> Kangeyam | S173: =IFERROR(VLOOKUP(tbl_clean_sales[[#This Row],[Branch_ID]],'04_Branch_Master'!$A$1:$C$7,3,FALSE),"Missing") -> East | T173: =C173&"|"&TEXT(tbl_clean_sales[[#This Row],[Date]],"yyyymm") -> E007|202605 | U173: =IFERROR(INDEX('05_Target_Master'!$A$1:$F$32,MATCH(tbl_clean_sales[[#This Row],[target key]],'05_Target_Master'!$F$1:$F$32,0),3),"Missing") -> 140000
A174: 46136 | B174: INV100173 | C174: E003 | D174: P003 | E174: B002 | F174: 7 | G174: 2267.81 | H174: =IF(COUNTIF(tbl_clean_sales[Invoice_ID],tbl_clean_sales[[#This Row],[Invoice_ID]])>1,"Duplicate","Unique") -> Unique | J174: =IF(tbl_clean_sales[[#This Row],[Employee_ID]]="","Missing",IFERROR(IF(VLOOKUP(tbl_clean_sales[[#This Row],[Employee_ID]],'02_Employee_Master'!$A$1:$C$12,1,FALSE)=tbl_clean_sales[[#This Row],[Employee_ID]],"Valid","Invalid"),"Invalid")) -> Valid | K174: =IFERROR(VLOOKUP(tbl_clean_sales[[#This Row],[Employee_ID]],'02_Employee_Master'!$A$1:$C$12,2,FALSE),"Employee Name Missing") -> Rahul M | L174: =IFERROR(VLOOKUP(tbl_clean_sales[[#This Row],[Employee_ID]],'02_Employee_Master'!$A$1:$C$12,3,FALSE),"Department Name Missing") -> Sales | M174: =IF('03_Clean_data'!D174="","Missing",IFERROR(IF(VLOOKUP(D174,'03_Product_Master'!$A$1:$D$14,1,FALSE)='03_Clean_data'!D174,"Valid","Invalid"),"Invalid")) -> Valid | N174: =IFERROR(VLOOKUP(tbl_clean_sales[[#This Row],[Product_ID]],'03_Product_Master'!$A$1:$D$14,2,FALSE),"Missing") -> Instant Coffee | O174: =IFERROR(VLOOKUP(tbl_clean_sales[[#This Row],[Product_ID]],'03_Product_Master'!$A$1:$D$14,3,FALSE),"Missing") -> Beverages | P174: =IFERROR(VLOOKUP(tbl_clean_sales[[#This Row],[Product_ID]],'03_Product_Master'!$A$1:$D$14,4,FALSE),"Missing") -> 350 | Q174: =IF('03_Clean_data'!E174="","Missing",IFERROR(IF(VLOOKUP(E174,'04_Branch_Master'!$A$1:$C$7,1,FALSE)='03_Clean_data'!E174,"Valid","Invalid"),"Invalid")) -> Valid | R174: =IFERROR(VLOOKUP(tbl_clean_sales[[#This Row],[Branch_ID]],'04_Branch_Master'!$A$1:$C$7,2,FALSE),"Missing") -> Avinashi Road | S174: =IFERROR(VLOOKUP(tbl_clean_sales[[#This Row],[Branch_ID]],'04_Branch_Master'!$A$1:$C$7,3,FALSE),"Missing") -> North | T174: =C174&"|"&TEXT(tbl_clean_sales[[#This Row],[Date]],"yyyymm") -> E003|202604 | U174: =IFERROR(INDEX('05_Target_Master'!$A$1:$F$32,MATCH(tbl_clean_sales[[#This Row],[target key]],'05_Target_Master'!$F$1:$F$32,0),3),"Missing") -> 116600
A175: 46143 | B175: INV100174 | C175: E008 | D175: P010 | E175: B004 | F175: 8 | G175: 1403.65 | H175: =IF(COUNTIF(tbl_clean_sales[Invoice_ID],tbl_clean_sales[[#This Row],[Invoice_ID]])>1,"Duplicate","Unique") -> Unique | J175: =IF(tbl_clean_sales[[#This Row],[Employee_ID]]="","Missing",IFERROR(IF(VLOOKUP(tbl_clean_sales[[#This Row],[Employee_ID]],'02_Employee_Master'!$A$1:$C$12,1,FALSE)=tbl_clean_sales[[#This Row],[Employee_ID]],"Valid","Invalid"),"Invalid")) -> Valid | K175: =IFERROR(VLOOKUP(tbl_clean_sales[[#This Row],[Employee_ID]],'02_Employee_Master'!$A$1:$C$12,2,FALSE),"Employee Name Missing") -> Nandhini K | L175: =IFERROR(VLOOKUP(tbl_clean_sales[[#This Row],[Employee_ID]],'02_Employee_Master'!$A$1:$C$12,3,FALSE),"Department Name Missing") -> Sales | M175: =IF('03_Clean_data'!D175="","Missing",IFERROR(IF(VLOOKUP(D175,'03_Product_Master'!$A$1:$D$14,1,FALSE)='03_Clean_data'!D175,"Valid","Invalid"),"Invalid")) -> Valid | N175: =IFERROR(VLOOKUP(tbl_clean_sales[[#This Row],[Product_ID]],'03_Product_Master'!$A$1:$D$14,2,FALSE),"Missing") -> Dish Wash | O175: =IFERROR(VLOOKUP(tbl_clean_sales[[#This Row],[Product_ID]],'03_Product_Master'!$A$1:$D$14,3,FALSE),"Missing") -> Home Care | P175: =IFERROR(VLOOKUP(tbl_clean_sales[[#This Row],[Product_ID]],'03_Product_Master'!$A$1:$D$14,4,FALSE),"Missing") -> 190 | Q175: =IF('03_Clean_data'!E175="","Missing",IFERROR(IF(VLOOKUP(E175,'04_Branch_Master'!$A$1:$C$7,1,FALSE)='03_Clean_data'!E175,"Valid","Invalid"),"Invalid")) -> Valid | R175: =IFERROR(VLOOKUP(tbl_clean_sales[[#This Row],[Branch_ID]],'04_Branch_Master'!$A$1:$C$7,2,FALSE),"Missing") -> Kangeyam | S175: =IFERROR(VLOOKUP(tbl_clean_sales[[#This Row],[Branch_ID]],'04_Branch_Master'!$A$1:$C$7,3,FALSE),"Missing") -> East | T175: =C175&"|"&TEXT(tbl_clean_sales[[#This Row],[Date]],"yyyymm") -> E008|202605 | U175: =IFERROR(INDEX('05_Target_Master'!$A$1:$F$32,MATCH(tbl_clean_sales[[#This Row],[target key]],'05_Target_Master'!$F$1:$F$32,0),3),"Missing") -> 134100
A176: 46171 | B176: INV100175 | C176: E005 | D176: P011 | E176: B003 | F176: 8 | G176: 2425.85 | H176: =IF(COUNTIF(tbl_clean_sales[Invoice_ID],tbl_clean_sales[[#This Row],[Invoice_ID]])>1,"Duplicate","Unique") -> Unique | J176: =IF(tbl_clean_sales[[#This Row],[Employee_ID]]="","Missing",IFERROR(IF(VLOOKUP(tbl_clean_sales[[#This Row],[Employee_ID]],'02_Employee_Master'!$A$1:$C$12,1,FALSE)=tbl_clean_sales[[#This Row],[Employee_ID]],"Valid","Invalid"),"Invalid")) -> Valid | K176: =IFERROR(VLOOKUP(tbl_clean_sales[[#This Row],[Employee_ID]],'02_Employee_Master'!$A$1:$C$12,2,FALSE),"Employee Name Missing") -> Karthik P | L176: =IFERROR(VLOOKUP(tbl_clean_sales[[#This Row],[Employee_ID]],'02_Employee_Master'!$A$1:$C$12,3,FALSE),"Department Name Missing") -> Sales | M176: =IF('03_Clean_data'!D176="","Missing",IFERROR(IF(VLOOKUP(D176,'03_Product_Master'!$A$1:$D$14,1,FALSE)='03_Clean_data'!D176,"Valid","Invalid"),"Invalid")) -> Valid | N176: =IFERROR(VLOOKUP(tbl_clean_sales[[#This Row],[Product_ID]],'03_Product_Master'!$A$1:$D$14,2,FALSE),"Missing") -> Laundry Liquid | O176: =IFERROR(VLOOKUP(tbl_clean_sales[[#This Row],[Product_ID]],'03_Product_Master'!$A$1:$D$14,3,FALSE),"Missing") -> Home Care | P176: =IFERROR(VLOOKUP(tbl_clean_sales[[#This Row],[Product_ID]],'03_Product_Master'!$A$1:$D$14,4,FALSE),"Missing") -> 340 | Q176: =IF('03_Clean_data'!E176="","Missing",IFERROR(IF(VLOOKUP(E176,'04_Branch_Master'!$A$1:$C$7,1,FALSE)='03_Clean_data'!E176,"Valid","Invalid"),"Invalid")) -> Valid | R176: =IFERROR(VLOOKUP(tbl_clean_sales[[#This Row],[Branch_ID]],'04_Branch_Master'!$A$1:$C$7,2,FALSE),"Missing") -> Palladam | S176: =IFERROR(VLOOKUP(tbl_clean_sales[[#This Row],[Branch_ID]],'04_Branch_Master'!$A$1:$C$7,3,FALSE),"Missing") -> South | T176: =C176&"|"&TEXT(tbl_clean_sales[[#This Row],[Date]],"yyyymm") -> E005|202605 | U176: =IFERROR(INDEX('05_Target_Master'!$A$1:$F$32,MATCH(tbl_clean_sales[[#This Row],[target key]],'05_Target_Master'!$F$1:$F$32,0),3),"Missing") -> 143700
... A200: 46137 | B200: INV100199 | C200: E002 | D200: P008 | E200: B001 | F200: 4 | G200: 959.92 | H200: =IF(COUNTIF(tbl_clean_sales[Invoice_ID],tbl_clean_sales[[#This Row],[Invoice_ID]])>1,"Duplicate","Unique") -> Duplicate | J200: =IF(tbl_clean_sales[[#This Row],[Employee_ID]]="","Missing",IFERROR(IF(VLOOKUP(tbl_clean_sales[[#This Row],[Employee_ID]],'02_Employee_Master'!$A$1:$C$12,1,FALSE)=tbl_clean_sales[[#This Row],[Employee_ID]],"Valid","Invalid"),"Invalid")) -> Valid | K200: =IFERROR(VLOOKUP(tbl_clean_sales[[#This Row],[Employee_ID]],'02_Employee_Master'!$A$1:$C$12,2,FALSE),"Employee Name Missing") -> Priya S | L200: =IFERROR(VLOOKUP(tbl_clean_sales[[#This Row],[Employee_ID]],'02_Employee_Master'!$A$1:$C$12,3,FALSE),"Department Name Missing") -> Sales | M200: =IF('03_Clean_data'!D200="","Missing",IFERROR(IF(VLOOKUP(D200,'03_Product_Master'!$A$1:$D$14,1,FALSE)='03_Clean_data'!D200,"Valid","Invalid"),"Invalid")) -> Valid | N200: =IFERROR(VLOOKUP(tbl_clean_sales[[#This Row],[Product_ID]],'03_Product_Master'!$A$1:$D$14,2,FALSE),"Missing") -> Face Wash | O200: =IFERROR(VLOOKUP(tbl_clean_sales[[#This Row],[Product_ID]],'03_Product_Master'!$A$1:$D$14,3,FALSE),"Missing") -> Personal Care | P200: =IFERROR(VLOOKUP(tbl_clean_sales[[#This Row],[Product_ID]],'03_Product_Master'!$A$1:$D$14,4,FALSE),"Missing") -> 260 | Q200: =IF('03_Clean_data'!E200="","Missing",IFERROR(IF(VLOOKUP(E200,'04_Branch_Master'!$A$1:$C$7,1,FALSE)='03_Clean_data'!E200,"Valid","Invalid"),"Invalid")) -> Valid | R200: =IFERROR(VLOOKUP(tbl_clean_sales[[#This Row],[Branch_ID]],'04_Branch_Master'!$A$1:$C$7,2,FALSE),"Missing") -> Tirupur Central | S200: =IFERROR(VLOOKUP(tbl_clean_sales[[#This Row],[Branch_ID]],'04_Branch_Master'!$A$1:$C$7,3,FALSE),"Missing") -> North | T200: =C200&"|"&TEXT(tbl_clean_sales[[#This Row],[Date]],"yyyymm") -> E002|202604 | U200: =IFERROR(INDEX('05_Target_Master'!$A$1:$F$32,MATCH(tbl_clean_sales[[#This Row],[target key]],'05_Target_Master'!$F$1:$F$32,0),3),"Missing") -> 122300
A201: 46189 | B201: INV100199 | C201: E001 | D201: P001 | E201: B002 | F201: 3 | G201: 1266.51 | H201: =IF(COUNTIF(tbl_clean_sales[Invoice_ID],tbl_clean_sales[[#This Row],[Invoice_ID]])>1,"Duplicate","Unique") -> Duplicate | I201: Requires Source validation | J201: =IF(tbl_clean_sales[[#This Row],[Employee_ID]]="","Missing",IFERROR(IF(VLOOKUP(tbl_clean_sales[[#This Row],[Employee_ID]],'02_Employee_Master'!$A$1:$C$12,1,FALSE)=tbl_clean_sales[[#This Row],[Employee_ID]],"Valid","Invalid"),"Invalid")) -> Valid | K201: =IFERROR(VLOOKUP(tbl_clean_sales[[#This Row],[Employee_ID]],'02_Employee_Master'!$A$1:$C$12,2,FALSE),"Employee Name Missing") -> Arun Kumar | L201: =IFERROR(VLOOKUP(tbl_clean_sales[[#This Row],[Employee_ID]],'02_Employee_Master'!$A$1:$C$12,3,FALSE),"Department Name Missing") -> Sales | M201: =IF('03_Clean_data'!D201="","Missing",IFERROR(IF(VLOOKUP(D201,'03_Product_Master'!$A$1:$D$14,1,FALSE)='03_Clean_data'!D201,"Valid","Invalid"),"Invalid")) -> Valid | N201: =IFERROR(VLOOKUP(tbl_clean_sales[[#This Row],[Product_ID]],'03_Product_Master'!$A$1:$D$14,2,FALSE),"Missing") -> Premium Coffee | O201: =IFERROR(VLOOKUP(tbl_clean_sales[[#This Row],[Product_ID]],'03_Product_Master'!$A$1:$D$14,3,FALSE),"Missing") -> Beverages | P201: =IFERROR(VLOOKUP(tbl_clean_sales[[#This Row],[Product_ID]],'03_Product_Master'!$A$1:$D$14,4,FALSE),"Missing") -> 420 | Q201: =IF('03_Clean_data'!E201="","Missing",IFERROR(IF(VLOOKUP(E201,'04_Branch_Master'!$A$1:$C$7,1,FALSE)='03_Clean_data'!E201,"Valid","Invalid"),"Invalid")) -> Valid | R201: =IFERROR(VLOOKUP(tbl_clean_sales[[#This Row],[Branch_ID]],'04_Branch_Master'!$A$1:$C$7,2,FALSE),"Missing") -> Avinashi Road | S201: =IFERROR(VLOOKUP(tbl_clean_sales[[#This Row],[Branch_ID]],'04_Branch_Master'!$A$1:$C$7,3,FALSE),"Missing") -> North | T201: =C201&"|"&TEXT(tbl_clean_sales[[#This Row],[Date]],"yyyymm") -> E001|202606 | U201: =IFERROR(INDEX('05_Target_Master'!$A$1:$F$32,MATCH(tbl_clean_sales[[#This Row],[target key]],'05_Target_Master'!$F$1:$F$32,0),3),"Missing") -> 150600
A202: 46139 | B202: INV100201 | C202: E002 | D202: P009 | E202: B001 | F202: 4 | G202: 1407.8 | H202: =IF(COUNTIF(tbl_clean_sales[Invoice_ID],tbl_clean_sales[[#This Row],[Invoice_ID]])>1,"Duplicate","Unique") -> Unique | J202: =IF(tbl_clean_sales[[#This Row],[Employee_ID]]="","Missing",IFERROR(IF(VLOOKUP(tbl_clean_sales[[#This Row],[Employee_ID]],'02_Employee_Master'!$A$1:$C$12,1,FALSE)=tbl_clean_sales[[#This Row],[Employee_ID]],"Valid","Invalid"),"Invalid")) -> Valid | K202: =IFERROR(VLOOKUP(tbl_clean_sales[[#This Row],[Employee_ID]],'02_Employee_Master'!$A$1:$C$12,2,FALSE),"Employee Name Missing") -> Priya S | L202: =IFERROR(VLOOKUP(tbl_clean_sales[[#This Row],[Employee_ID]],'02_Employee_Master'!$A$1:$C$12,3,FALSE),"Department Name Missing") -> Sales | M202: =IF('03_Clean_data'!D202="","Missing",IFERROR(IF(VLOOKUP(D202,'03_Product_Master'!$A$1:$D$14,1,FALSE)='03_Clean_data'!D202,"Valid","Invalid"),"Invalid")) -> Valid | N202: =IFERROR(VLOOKUP(tbl_clean_sales[[#This Row],[Product_ID]],'03_Product_Master'!$A$1:$D$14,2,FALSE),"Missing") -> Body Lotion | O202: =IFERROR(VLOOKUP(tbl_clean_sales[[#This Row],[Product_ID]],'03_Product_Master'!$A$1:$D$14,3,FALSE),"Missing") -> Personal Care | P202: =IFERROR(VLOOKUP(tbl_clean_sales[[#This Row],[Product_ID]],'03_Product_Master'!$A$1:$D$14,4,FALSE),"Missing") -> 390 | Q202: =IF('03_Clean_data'!E202="","Missing",IFERROR(IF(VLOOKUP(E202,'04_Branch_Master'!$A$1:$C$7,1,FALSE)='03_Clean_data'!E202,"Valid","Invalid"),"Invalid")) -> Valid | R202: =IFERROR(VLOOKUP(tbl_clean_sales[[#This Row],[Branch_ID]],'04_Branch_Master'!$A$1:$C$7,2,FALSE),"Missing") -> Tirupur Central | S202: =IFERROR(VLOOKUP(tbl_clean_sales[[#This Row],[Branch_ID]],'04_Branch_Master'!$A$1:$C$7,3,FALSE),"Missing") -> North | T202: =C202&"|"&TEXT(tbl_clean_sales[[#This Row],[Date]],"yyyymm") -> E002|202604 | U202: =IFERROR(INDEX('05_Target_Master'!$A$1:$F$32,MATCH(tbl_clean_sales[[#This Row],[target key]],'05_Target_Master'!$F$1:$F$32,0),3),"Missing") -> 122300
A203: 46142 | B203: INV100202 | C203: E006 | D203: P003 | E203: B005 | F203: 1 | G203: 338.35 | H203: =IF(COUNTIF(tbl_clean_sales[Invoice_ID],tbl_clean_sales[[#This Row],[Invoice_ID]])>1,"Duplicate","Unique") -> Unique | J203: =IF(tbl_clean_sales[[#This Row],[Employee_ID]]="","Missing",IFERROR(IF(VLOOKUP(tbl_clean_sales[[#This Row],[Employee_ID]],'02_Employee_Master'!$A$1:$C$12,1,FALSE)=tbl_clean_sales[[#This Row],[Employee_ID]],"Valid","Invalid"),"Invalid")) -> Valid | K203: =IFERROR(VLOOKUP(tbl_clean_sales[[#This Row],[Employee_ID]],'02_Employee_Master'!$A$1:$C$12,2,FALSE),"Employee Name Missing") -> Meena V | L203: =IFERROR(VLOOKUP(tbl_clean_sales[[#This Row],[Employee_ID]],'02_Employee_Master'!$A$1:$C$12,3,FALSE),"Department Name Missing") -> Sales | M203: =IF('03_Clean_data'!D203="","Missing",IFERROR(IF(VLOOKUP(D203,'03_Product_Master'!$A$1:$D$14,1,FALSE)='03_Clean_data'!D203,"Valid","Invalid"),"Invalid")) -> Valid | N203: =IFERROR(VLOOKUP(tbl_clean_sales[[#This Row],[Product_ID]],'03_Product_Master'!$A$1:$D$14,2,FALSE),"Missing") -> Instant Coffee | O203: =IFERROR(VLOOKUP(tbl_clean_sales[[#This Row],[Product_ID]],'03_Product_Master'!$A$1:$D$14,3,FALSE),"Missing") -> Beverages | P203: =IFERROR(VLOOKUP(tbl_clean_sales[[#This Row],[Product_ID]],'03_Product_Master'!$A$1:$D$14,4,FALSE),"Missing") -> 350 | Q203: =IF('03_Clean_data'!E203="","Missing",IFERROR(IF(VLOOKUP(E203,'04_Branch_Master'!$A$1:$C$7,1,FALSE)='03_Clean_data'!E203,"Valid","Invalid"),"Invalid")) -> Valid | R203: =IFERROR(VLOOKUP(tbl_clean_sales[[#This Row],[Branch_ID]],'04_Branch_Master'!$A$1:$C$7,2,FALSE),"Missing") -> Dharapuram | S203: =IFERROR(VLOOKUP(tbl_clean_sales[[#This Row],[Branch_ID]],'04_Branch_Master'!$A$1:$C$7,3,FALSE),"Missing") -> South | T203: =C203&"|"&TEXT(tbl_clean_sales[[#This Row],[Date]],"yyyymm") -> E006|202604 | U203: =IFERROR(INDEX('05_Target_Master'!$A$1:$F$32,MATCH(tbl_clean_sales[[#This Row],[target key]],'05_Target_Master'!$F$1:$F$32,0),3),"Missing") -> 131000
A204: 46131 | B204: INV100203 | C204: E003 | D204: P009 | E204: B002 | F204: 3 | G204: 1154.57 | H204: =IF(COUNTIF(tbl_clean_sales[Invoice_ID],tbl_clean_sales[[#This Row],[Invoice_ID]])>1,"Duplicate","Unique") -> Unique | J204: =IF(tbl_clean_sales[[#This Row],[Employee_ID]]="","Missing",IFERROR(IF(VLOOKUP(tbl_clean_sales[[#This Row],[Employee_ID]],'02_Employee_Master'!$A$1:$C$12,1,FALSE)=tbl_clean_sales[[#This Row],[Employee_ID]],"Valid","Invalid"),"Invalid")) -> Valid | K204: =IFERROR(VLOOKUP(tbl_clean_sales[[#This Row],[Employee_ID]],'02_Employee_Master'!$A$1:$C$12,2,FALSE),"Employee Name Missing") -> Rahul M | L204: =IFERROR(VLOOKUP(tbl_clean_sales[[#This Row],[Employee_ID]],'02_Employee_Master'!$A$1:$C$12,3,FALSE),"Department Name Missing") -> Sales | M204: =IF('03_Clean_data'!D204="","Missing",IFERROR(IF(VLOOKUP(D204,'03_Product_Master'!$A$1:$D$14,1,FALSE)='03_Clean_data'!D204,"Valid","Invalid"),"Invalid")) -> Valid | N204: =IFERROR(VLOOKUP(tbl_clean_sales[[#This Row],[Product_ID]],'03_Product_Master'!$A$1:$D$14,2,FALSE),"Missing") -> Body Lotion | O204: =IFERROR(VLOOKUP(tbl_clean_sales[[#This Row],[Product_ID]],'03_Product_Master'!$A$1:$D$14,3,FALSE),"Missing") -> Personal Care | P204: =IFERROR(VLOOKUP(tbl_clean_sales[[#This Row],[Product_ID]],'03_Product_Master'!$A$1:$D$14,4,FALSE),"Missing") -> 390 | Q204: =IF('03_Clean_data'!E204="","Missing",IFERROR(IF(VLOOKUP(E204,'04_Branch_Master'!$A$1:$C$7,1,FALSE)='03_Clean_data'!E204,"Valid","Invalid"),"Invalid")) -> Valid | R204: =IFERROR(VLOOKUP(tbl_clean_sales[[#This Row],[Branch_ID]],'04_Branch_Master'!$A$1:$C$7,2,FALSE),"Missing") -> Avinashi Road | S204: =IFERROR(VLOOKUP(tbl_clean_sales[[#This Row],[Branch_ID]],'04_Branch_Master'!$A$1:$C$7,3,FALSE),"Missing") -> North | T204: =C204&"|"&TEXT(tbl_clean_sales[[#This Row],[Date]],"yyyymm") -> E003|202604 | U204: =IFERROR(INDEX('05_Target_Master'!$A$1:$F$32,MATCH(tbl_clean_sales[[#This Row],[target key]],'05_Target_Master'!$F$1:$F$32,0),3),"Missing") -> 116600
A205: 46116 | B205: INV100204 | C205: E003 | D205: P001 | E205: B002 | F205: 4 | G205: 1561.29 | H205: =IF(COUNTIF(tbl_clean_sales[Invoice_ID],tbl_clean_sales[[#This Row],[Invoice_ID]])>1,"Duplicate","Unique") -> Unique | J205: =IF(tbl_clean_sales[[#This Row],[Employee_ID]]="","Missing",IFERROR(IF(VLOOKUP(tbl_clean_sales[[#This Row],[Employee_ID]],'02_Employee_Master'!$A$1:$C$12,1,FALSE)=tbl_clean_sales[[#This Row],[Employee_ID]],"Valid","Invalid"),"Invalid")) -> Valid | K205: =IFERROR(VLOOKUP(tbl_clean_sales[[#This Row],[Employee_ID]],'02_Employee_Master'!$A$1:$C$12,2,FALSE),"Employee Name Missing") -> Rahul M | L205: =IFERROR(VLOOKUP(tbl_clean_sales[[#This Row],[Employee_ID]],'02_Employee_Master'!$A$1:$C$12,3,FALSE),"Department Name Missing") -> Sales | M205: =IF('03_Clean_data'!D205="","Missing",IFERROR(IF(VLOOKUP(D205,'03_Product_Master'!$A$1:$D$14,1,FALSE)='03_Clean_data'!D205,"Valid","Invalid"),"Invalid")) -> Valid | N205: =IFERROR(VLOOKUP(tbl_clean_sales[[#This Row],[Product_ID]],'03_Product_Master'!$A$1:$D$14,2,FALSE),"Missing") -> Premium Coffee | O205: =IFERROR(VLOOKUP(tbl_clean_sales[[#This Row],[Product_ID]],'03_Product_Master'!$A$1:$D$14,3,FALSE),"Missing") -> Beverages | P205: =IFERROR(VLOOKUP(tbl_clean_sales[[#This Row],[Product_ID]],'03_Product_Master'!$A$1:$D$14,4,FALSE),"Missing") -> 420 | Q205: =IF('03_Clean_data'!E205="","Missing",IFERROR(IF(VLOOKUP(E205,'04_Branch_Master'!$A$1:$C$7,1,FALSE)='03_Clean_data'!E205,"Valid","Invalid"),"Invalid")) -> Valid | R205: =IFERROR(VLOOKUP(tbl_clean_sales[[#This Row],[Branch_ID]],'04_Branch_Master'!$A$1:$C$7,2,FALSE),"Missing") -> Avinashi Road | S205: =IFERROR(VLOOKUP(tbl_clean_sales[[#This Row],[Branch_ID]],'04_Branch_Master'!$A$1:$C$7,3,FALSE),"Missing") -> North | T205: =C205&"|"&TEXT(tbl_clean_sales[[#This Row],[Date]],"yyyymm") -> E003|202604 | U205: =IFERROR(INDEX('05_Target_Master'!$A$1:$F$32,MATCH(tbl_clean_sales[[#This Row],[target key]],'05_Target_Master'!$F$1:$F$32,0),3),"Missing") -> 116600
A206: 46115 | B206: INV100205 | C206: E003 | D206: P005 | E206: B002 | F206: 12 | G206: 1367.26 | H206: =IF(COUNTIF(tbl_clean_sales[Invoice_ID],tbl_clean_sales[[#This Row],[Invoice_ID]])>1,"Duplicate","Unique") -> Unique | J206: =IF(tbl_clean_sales[[#This Row],[Employee_ID]]="","Missing",IFERROR(IF(VLOOKUP(tbl_clean_sales[[#This Row],[Employee_ID]],'02_Employee_Master'!$A$1:$C$12,1,FALSE)=tbl_clean_sales[[#This Row],[Employee_ID]],"Valid","Invalid"),"Invalid")) -> Valid | K206: =IFERROR(VLOOKUP(tbl_clean_sales[[#This Row],[Employee_ID]],'02_Employee_Master'!$A$1:$C$12,2,FALSE),"Employee Name Missing") -> Rahul M | L206: =IFERROR(VLOOKUP(tbl_clean_sales[[#This Row],[Employee_ID]],'02_Employee_Master'!$A$1:$C$12,3,FALSE),"Department Name Missing") -> Sales | M206: =IF('03_Clean_data'!D206="","Missing",IFERROR(IF(VLOOKUP(D206,'03_Product_Master'!$A$1:$D$14,1,FALSE)='03_Clean_data'!D206,"Valid","Invalid"),"Invalid")) -> Valid | N206: =IFERROR(VLOOKUP(tbl_clean_sales[[#This Row],[Product_ID]],'03_Product_Master'!$A$1:$D$14,2,FALSE),"Missing") -> Chocolate Bar | O206: =IFERROR(VLOOKUP(tbl_clean_sales[[#This Row],[Product_ID]],'03_Product_Master'!$A$1:$D$14,3,FALSE),"Missing") -> Snacks | P206: =IFERROR(VLOOKUP(tbl_clean_sales[[#This Row],[Product_ID]],'03_Product_Master'!$A$1:$D$14,4,FALSE),"Missing") -> 120 | Q206: =IF('03_Clean_data'!E206="","Missing",IFERROR(IF(VLOOKUP(E206,'04_Branch_Master'!$A$1:$C$7,1,FALSE)='03_Clean_data'!E206,"Valid","Invalid"),"Invalid")) -> Valid | R206: =IFERROR(VLOOKUP(tbl_clean_sales[[#This Row],[Branch_ID]],'04_Branch_Master'!$A$1:$C$7,2,FALSE),"Missing") -> Avinashi Road | S206: =IFERROR(VLOOKUP(tbl_clean_sales[[#This Row],[Branch_ID]],'04_Branch_Master'!$A$1:$C$7,3,FALSE),"Missing") -> North | T206: =C206&"|"&TEXT(tbl_clean_sales[[#This Row],[Date]],"yyyymm") -> E003|202604 | U206: =IFERROR(INDEX('05_Target_Master'!$A$1:$F$32,MATCH(tbl_clean_sales[[#This Row],[target key]],'05_Target_Master'!$F$1:$F$32,0),3),"Missing") -> 116600
A207: 46127 | B207: INV100206 | C207: E002 | D207: P008 | E207: B001 | F207: 6 | G207: 1463.92 | H207: =IF(COUNTIF(tbl_clean_sales[Invoice_ID],tbl_clean_sales[[#This Row],[Invoice_ID]])>1,"Duplicate","Unique") -> Unique | J207: =IF(tbl_clean_sales[[#This Row],[Employee_ID]]="","Missing",IFERROR(IF(VLOOKUP(tbl_clean_sales[[#This Row],[Employee_ID]],'02_Employee_Master'!$A$1:$C$12,1,FALSE)=tbl_clean_sales[[#This Row],[Employee_ID]],"Valid","Invalid"),"Invalid")) -> Valid | K207: =IFERROR(VLOOKUP(tbl_clean_sales[[#This Row],[Employee_ID]],'02_Employee_Master'!$A$1:$C$12,2,FALSE),"Employee Name Missing") -> Priya S | L207: =IFERROR(VLOOKUP(tbl_clean_sales[[#This Row],[Employee_ID]],'02_Employee_Master'!$A$1:$C$12,3,FALSE),"Department Name Missing") -> Sales | M207: =IF('03_Clean_data'!D207="","Missing",IFERROR(IF(VLOOKUP(D207,'03_Product_Master'!$A$1:$D$14,1,FALSE)='03_Clean_data'!D207,"Valid","Invalid"),"Invalid")) -> Valid | N207: =IFERROR(VLOOKUP(tbl_clean_sales[[#This Row],[Product_ID]],'03_Product_Master'!$A$1:$D$14,2,FALSE),"Missing") -> Face Wash | O207: =IFERROR(VLOOKUP(tbl_clean_sales[[#This Row],[Product_ID]],'03_Product_Master'!$A$1:$D$14,3,FALSE),"Missing") -> Personal Care | P207: =IFERROR(VLOOKUP(tbl_clean_sales[[#This Row],[Product_ID]],'03_Product_Master'!$A$1:$D$14,4,FALSE),"Missing") -> 260 | Q207: =IF('03_Clean_data'!E207="","Missing",IFERROR(IF(VLOOKUP(E207,'04_Branch_Master'!$A$1:$C$7,1,FALSE)='03_Clean_data'!E207,"Valid","Invalid"),"Invalid")) -> Valid | R207: =IFERROR(VLOOKUP(tbl_clean_sales[[#This Row],[Branch_ID]],'04_Branch_Master'!$A$1:$C$7,2,FALSE),"Missing") -> Tirupur Central | S207: =IFERROR(VLOOKUP(tbl_clean_sales[[#This Row],[Branch_ID]],'04_Branch_Master'!$A$1:$C$7,3,FALSE),"Missing") -> North | T207: =C207&"|"&TEXT(tbl_clean_sales[[#This Row],[Date]],"yyyymm") -> E002|202604 | U207: =IFERROR(INDEX('05_Target_Master'!$A$1:$F$32,MATCH(tbl_clean_sales[[#This Row],[target key]],'05_Target_Master'!$F$1:$F$32,0),3),"Missing") -> 122300
A208: 46126 | B208: INV100207 | C208: E008 | D208: P009 | E208: B004 | F208: 10 | G208: 3879.71 | H208: =IF(COUNTIF(tbl_clean_sales[Invoice_ID],tbl_clean_sales[[#This Row],[Invoice_ID]])>1,"Duplicate","Unique") -> Unique | J208: =IF(tbl_clean_sales[[#This Row],[Employee_ID]]="","Missing",IFERROR(IF(VLOOKUP(tbl_clean_sales[[#This Row],[Employee_ID]],'02_Employee_Master'!$A$1:$C$12,1,FALSE)=tbl_clean_sales[[#This Row],[Employee_ID]],"Valid","Invalid"),"Invalid")) -> Valid | K208: =IFERROR(VLOOKUP(tbl_clean_sales[[#This Row],[Employee_ID]],'02_Employee_Master'!$A$1:$C$12,2,FALSE),"Employee Name Missing") -> Nandhini K | L208: =IFERROR(VLOOKUP(tbl_clean_sales[[#This Row],[Employee_ID]],'02_Employee_Master'!$A$1:$C$12,3,FALSE),"Department Name Missing") -> Sales | M208: =IF('03_Clean_data'!D208="","Missing",IFERROR(IF(VLOOKUP(D208,'03_Product_Master'!$A$1:$D$14,1,FALSE)='03_Clean_data'!D208,"Valid","Invalid"),"Invalid")) -> Valid | N208: =IFERROR(VLOOKUP(tbl_clean_sales[[#This Row],[Product_ID]],'03_Product_Master'!$A$1:$D$14,2,FALSE),"Missing") -> Body Lotion | O208: =IFERROR(VLOOKUP(tbl_clean_sales[[#This Row],[Product_ID]],'03_Product_Master'!$A$1:$D$14,3,FALSE),"Missing") -> Personal Care | P208: =IFERROR(VLOOKUP(tbl_clean_sales[[#This Row],[Product_ID]],'03_Product_Master'!$A$1:$D$14,4,FALSE),"Missing") -> 390 | Q208: =IF('03_Clean_data'!E208="","Missing",IFERROR(IF(VLOOKUP(E208,'04_Branch_Master'!$A$1:$C$7,1,FALSE)='03_Clean_data'!E208,"Valid","Invalid"),"Invalid")) -> Valid | R208: =IFERROR(VLOOKUP(tbl_clean_sales[[#This Row],[Branch_ID]],'04_Branch_Master'!$A$1:$C$7,2,FALSE),"Missing") -> Kangeyam | S208: =IFERROR(VLOOKUP(tbl_clean_sales[[#This Row],[Branch_ID]],'04_Branch_Master'!$A$1:$C$7,3,FALSE),"Missing") -> East | T208: =C208&"|"&TEXT(tbl_clean_sales[[#This Row],[Date]],"yyyymm") -> E008|202604 | U208: =IFERROR(INDEX('05_Target_Master'!$A$1:$F$32,MATCH(tbl_clean_sales[[#This Row],[target key]],'05_Target_Master'!$F$1:$F$32,0),3),"Missing") -> 124100
A209: 46197 | B209: INV100208 | C209: E009 | D209: P005 | E209: B005 | F209: 1 | G209: 119.12 | H209: =IF(COUNTIF(tbl_clean_sales[Invoice_ID],tbl_clean_sales[[#This Row],[Invoice_ID]])>1,"Duplicate","Unique") -> Unique | J209: =IF(tbl_clean_sales[[#This Row],[Employee_ID]]="","Missing",IFERROR(IF(VLOOKUP(tbl_clean_sales[[#This Row],[Employee_ID]],'02_Employee_Master'!$A$1:$C$12,1,FALSE)=tbl_clean_sales[[#This Row],[Employee_ID]],"Valid","Invalid"),"Invalid")) -> Valid | K209: =IFERROR(VLOOKUP(tbl_clean_sales[[#This Row],[Employee_ID]],'02_Employee_Master'!$A$1:$C$12,2,FALSE),"Employee Name Missing") -> Vignesh R | L209: =IFERROR(VLOOKUP(tbl_clean_sales[[#This Row],[Employee_ID]],'02_Employee_Master'!$A$1:$C$12,3,FALSE),"Department Name Missing") -> Sales | M209: =IF('03_Clean_data'!D209="","Missing",IFERROR(IF(VLOOKUP(D209,'03_Product_Master'!$A$1:$D$14,1,FALSE)='03_Clean_data'!D209,"Valid","Invalid"),"Invalid")) -> Valid | N209: =IFERROR(VLOOKUP(tbl_clean_sales[[#This Row],[Product_ID]],'03_Product_Master'!$A$1:$D$14,2,FALSE),"Missing") -> Chocolate Bar | O209: =IFERROR(VLOOKUP(tbl_clean_sales[[#This Row],[Product_ID]],'03_Product_Master'!$A$1:$D$14,3,FALSE),"Missing") -> Snacks | P209: =IFERROR(VLOOKUP(tbl_clean_sales[[#This Row],[Product_ID]],'03_Product_Master'!$A$1:$D$14,4,FALSE),"Missing") -> 120 | Q209: =IF('03_Clean_data'!E209="","Missing",IFERROR(IF(VLOOKUP(E209,'04_Branch_Master'!$A$1:$C$7,1,FALSE)='03_Clean_data'!E209,"Valid","Invalid"),"Invalid")) -> Valid | R209: =IFERROR(VLOOKUP(tbl_clean_sales[[#This Row],[Branch_ID]],'04_Branch_Master'!$A$1:$C$7,2,FALSE),"Missing") -> Dharapuram | S209: =IFERROR(VLOOKUP(tbl_clean_sales[[#This Row],[Branch_ID]],'04_Branch_Master'!$A$1:$C$7,3,FALSE),"Missing") -> South | T209: =C209&"|"&TEXT(tbl_clean_sales[[#This Row],[Date]],"yyyymm") -> E009|202606 | U209: =IFERROR(INDEX('05_Target_Master'!$A$1:$F$32,MATCH(tbl_clean_sales[[#This Row],[target key]],'05_Target_Master'!$F$1:$F$32,0),3),"Missing") -> 156700
